{
  "#ALL_SERVICES": {
    "active_intent_accuracy": 0.13846310363537712,
    "average_cat_accuracy": 0.1505225839732153,
    "average_goal_accuracy": 0.1619164169647872,
    "average_noncat_accuracy": 0.15136196027120258,
    "joint_cat_accuracy": 0.47795713510580573,
    "joint_goal_accuracy": 0.30809142702116116,
    "joint_map_cat_accuracy": 0.5305548019533369,
    "joint_map_goal_accuracy": 0.2870862723819859,
    "joint_map_noncat_accuracy": 0.41394465545306564,
    "joint_noncat_accuracy": 0.4603058871405317,
    "joint_nonmap_cat_accuracy": 0.5297748236570808,
    "joint_nonmap_goal_accuracy": 0.4333118556701031,
    "joint_nonmap_noncat_accuracy": 0.6976736299511666,
    "requested_slots_f1": 0.9177564696750465,
    "requested_slots_precision": 0.9357235711701936,
    "requested_slots_recall": 0.9782934300958582
  },
  "#SEEN_SERVICES": {
    "active_intent_accuracy": 0.13846310363537712,
    "average_cat_accuracy": 0.1505225839732153,
    "average_goal_accuracy": 0.1619164169647872,
    "average_noncat_accuracy": 0.15136196027120258,
    "joint_cat_accuracy": 0.47795713510580573,
    "joint_goal_accuracy": 0.30809142702116116,
    "joint_map_cat_accuracy": 0.5305548019533369,
    "joint_map_goal_accuracy": 0.2870862723819859,
    "joint_map_noncat_accuracy": 0.41394465545306564,
    "joint_noncat_accuracy": 0.4603058871405317,
    "joint_nonmap_cat_accuracy": 0.5297748236570808,
    "joint_nonmap_goal_accuracy": 0.4333118556701031,
    "joint_nonmap_noncat_accuracy": 0.6976736299511666,
    "requested_slots_f1": 0.9177564696750465,
    "requested_slots_precision": 0.9357235711701936,
    "requested_slots_recall": 0.9782934300958582
  },
  "attraction": {
    "active_intent_accuracy": 0.22693977211068908,
    "average_cat_accuracy": 0.03968253968253968,
    "average_goal_accuracy": 0.03096314563638854,
    "average_noncat_accuracy": 0.015578635014836795,
    "joint_cat_accuracy": 0.4426207270754205,
    "joint_goal_accuracy": 0.20672816060770483,
    "joint_map_cat_accuracy": 0.5925122083559414,
    "joint_map_goal_accuracy": 0.26044492674986436,
    "joint_map_noncat_accuracy": 0.4342105263157895,
    "joint_noncat_accuracy": 0.4342105263157895,
    "joint_nonmap_cat_accuracy": 0.5549376017362995,
    "joint_nonmap_goal_accuracy": 0.5549376017362995,
    "joint_nonmap_noncat_accuracy": 1.0,
    "requested_slots_f1": 0.8827914933381562,
    "requested_slots_precision": 0.9052835051546392,
    "requested_slots_recall": 0.9534273828902151
  },
  "bus": {
    "active_intent_accuracy": 0.061313076505697235,
    "joint_cat_accuracy": 0.6421595225176343,
    "joint_goal_accuracy": 0.19072164948453607,
    "joint_noncat_accuracy": 0.2786218122626153,
    "joint_nonmap_cat_accuracy": 0.6421595225176343,
    "joint_nonmap_goal_accuracy": 0.19072164948453607,
    "joint_nonmap_noncat_accuracy": 0.2786218122626153,
    "requested_slots_f1": 0.945604991861096,
    "requested_slots_precision": 0.945604991861096,
    "requested_slots_recall": 1.0
  },
  "hospital": {
    "active_intent_accuracy": 0.053038524145415086,
    "joint_goal_accuracy": 0.5686380900705371,
    "joint_noncat_accuracy": 0.5686380900705371,
    "joint_nonmap_goal_accuracy": 0.5686380900705371,
    "joint_nonmap_noncat_accuracy": 0.5686380900705371,
    "requested_slots_f1": 0.8537710255018991,
    "requested_slots_precision": 0.8537710255018991,
    "requested_slots_recall": 1.0
  },
  "hotel": {
    "active_intent_accuracy": 0.2212425393380358,
    "average_cat_accuracy": 0.33379713348067774,
    "average_goal_accuracy": 0.29486104977797406,
    "average_noncat_accuracy": 0.05152671755725191,
    "joint_cat_accuracy": 0.3853771025501899,
    "joint_goal_accuracy": 0.201709169831796,
    "joint_map_cat_accuracy": 0.4572707542051004,
    "joint_map_goal_accuracy": 0.239148128052089,
    "joint_map_noncat_accuracy": 0.4331253391209984,
    "joint_noncat_accuracy": 0.4331253391209984,
    "joint_nonmap_cat_accuracy": 0.42973412913727616,
    "joint_nonmap_goal_accuracy": 0.42973412913727616,
    "joint_nonmap_noncat_accuracy": 1.0,
    "requested_slots_f1": 0.9556158437330439,
    "requested_slots_precision": 0.9937601736299512,
    "requested_slots_recall": 0.9613628142521251
  },
  "police": {
    "active_intent_accuracy": 0.06660336408030386,
    "joint_cat_accuracy": 0.6268312533912099,
    "joint_goal_accuracy": 0.6268312533912099,
    "joint_noncat_accuracy": 1.0,
    "joint_nonmap_cat_accuracy": 0.6268312533912099,
    "joint_nonmap_goal_accuracy": 0.6268312533912099,
    "joint_nonmap_noncat_accuracy": 1.0,
    "requested_slots_f1": 0.9679869777536625,
    "requested_slots_precision": 0.9679869777536625,
    "requested_slots_recall": 1.0
  },
  "restaurant": {
    "active_intent_accuracy": 0.2323657080846446,
    "average_cat_accuracy": 0.1363723241590214,
    "average_goal_accuracy": 0.14946351753118406,
    "average_noncat_accuracy": 0.2689119170984456,
    "joint_cat_accuracy": 0.37927292457948997,
    "joint_goal_accuracy": 0.14744981009224092,
    "joint_map_cat_accuracy": 0.40382528486163866,
    "joint_map_goal_accuracy": 0.16047205642973414,
    "joint_map_noncat_accuracy": 0.30873575691806837,
    "joint_noncat_accuracy": 0.30873575691806837,
    "joint_nonmap_cat_accuracy": 0.5056972327726533,
    "joint_nonmap_goal_accuracy": 0.5056972327726533,
    "joint_nonmap_noncat_accuracy": 1.0,
    "requested_slots_f1": 0.9243805389763067,
    "requested_slots_precision": 0.9502826008319768,
    "requested_slots_recall": 0.9704286489419425
  },
  "taxi": {
    "active_intent_accuracy": 0.06511123168746609,
    "average_goal_accuracy": 0.303125,
    "average_noncat_accuracy": 0.303125,
    "joint_goal_accuracy": 0.2932718393922952,
    "joint_map_goal_accuracy": 0.47192078133478027,
    "joint_map_noncat_accuracy": 0.47192078133478027,
    "joint_noncat_accuracy": 0.2932718393922952,
    "joint_nonmap_goal_accuracy": 0.30683667932718395,
    "joint_nonmap_noncat_accuracy": 0.30683667932718395,
    "requested_slots_f1": 0.8652107071803219,
    "requested_slots_precision": 0.8692349430276722,
    "requested_slots_recall": 0.9943027672273467
  },
  "train": {
    "active_intent_accuracy": 0.18109061313076505,
    "average_cat_accuracy": 0.08515037593984963,
    "average_goal_accuracy": 0.13471939352794748,
    "average_noncat_accuracy": 0.15683921837504286,
    "joint_cat_accuracy": 0.3914812805208899,
    "joint_goal_accuracy": 0.22938144329896906,
    "joint_map_cat_accuracy": 0.6686109603906674,
    "joint_map_goal_accuracy": 0.3034454693434617,
    "joint_map_noncat_accuracy": 0.42173087357569183,
    "joint_noncat_accuracy": 0.36584373304395007,
    "joint_nonmap_cat_accuracy": 0.41928920238741185,
    "joint_nonmap_goal_accuracy": 0.28309820944112857,
    "joint_nonmap_noncat_accuracy": 0.42729245794899623,
    "requested_slots_f1": 0.9466901790558871,
    "requested_slots_precision": 0.9998643516006511,
    "requested_slots_recall": 0.946825827455236
  }
}