{
  "#ALL_SERVICES": {
    "active_intent_accuracy": 0.13846310363537712,
    "average_cat_accuracy": 0.1505225839732153,
    "average_goal_accuracy": 0.2544309166203231,
    "average_noncat_accuracy": 0.37125104079933385,
    "joint_cat_accuracy": 0.09780249593054802,
    "joint_goal_accuracy": 0.011800054259359741,
    "joint_map_cat_accuracy": 0.5305548019533369,
    "joint_map_goal_accuracy": 0.3054264867064569,
    "joint_map_noncat_accuracy": 0.4556687059142703,
    "joint_noncat_accuracy": 0.1524742268041237,
    "joint_nonmap_cat_accuracy": 0.5297748236570808,
    "joint_nonmap_goal_accuracy": 0.43340205507325014,
    "joint_nonmap_noncat_accuracy": 0.6980726346310363,
    "requested_slots_f1": 0.9177564696750465,
    "requested_slots_precision": 0.9357235711701936,
    "requested_slots_recall": 0.9782934300958582
  },
  "#SEEN_SERVICES": {
    "active_intent_accuracy": 0.13846310363537712,
    "average_cat_accuracy": 0.1505225839732153,
    "average_goal_accuracy": 0.2544309166203231,
    "average_noncat_accuracy": 0.37125104079933385,
    "joint_cat_accuracy": 0.09780249593054802,
    "joint_goal_accuracy": 0.011800054259359741,
    "joint_map_cat_accuracy": 0.5305548019533369,
    "joint_map_goal_accuracy": 0.3054264867064569,
    "joint_map_noncat_accuracy": 0.4556687059142703,
    "joint_noncat_accuracy": 0.1524742268041237,
    "joint_nonmap_cat_accuracy": 0.5297748236570808,
    "joint_nonmap_goal_accuracy": 0.43340205507325014,
    "joint_nonmap_noncat_accuracy": 0.6980726346310363,
    "requested_slots_f1": 0.9177564696750465,
    "requested_slots_precision": 0.9357235711701936,
    "requested_slots_recall": 0.9782934300958582
  },
  "attraction": {
    "active_intent_accuracy": 0.22693977211068908,
    "average_cat_accuracy": 0.03968253968253968,
    "average_goal_accuracy": 0.10116385806274832,
    "average_noncat_accuracy": 0.21208456973293768,
    "joint_cat_accuracy": 0.4426207270754205,
    "joint_goal_accuracy": 0.2148136733586544,
    "joint_map_cat_accuracy": 0.5925122083559414,
    "joint_map_goal_accuracy": 0.2761204557786218,
    "joint_map_noncat_accuracy": 0.4701424308193164,
    "joint_noncat_accuracy": 0.4560837628865979,
    "joint_nonmap_cat_accuracy": 0.5549376017362995,
    "joint_nonmap_goal_accuracy": 0.5549376017362995,
    "joint_nonmap_noncat_accuracy": 1.0,
    "requested_slots_f1": 0.8827914933381562,
    "requested_slots_precision": 0.9052835051546392,
    "requested_slots_recall": 0.9534273828902151
  },
  "bus": {
    "active_intent_accuracy": 0.061313076505697235,
    "joint_cat_accuracy": 0.6421595225176343,
    "joint_goal_accuracy": 0.19072164948453607,
    "joint_noncat_accuracy": 0.2786218122626153,
    "joint_nonmap_cat_accuracy": 0.6421595225176343,
    "joint_nonmap_goal_accuracy": 0.19072164948453607,
    "joint_nonmap_noncat_accuracy": 0.2786218122626153,
    "requested_slots_f1": 0.945604991861096,
    "requested_slots_precision": 0.945604991861096,
    "requested_slots_recall": 1.0
  },
  "hospital": {
    "active_intent_accuracy": 0.053038524145415086,
    "joint_goal_accuracy": 0.5686380900705371,
    "joint_noncat_accuracy": 0.5686380900705371,
    "joint_nonmap_goal_accuracy": 0.5686380900705371,
    "joint_nonmap_noncat_accuracy": 0.5686380900705371,
    "requested_slots_f1": 0.8537710255018991,
    "requested_slots_precision": 0.8537710255018991,
    "requested_slots_recall": 1.0
  },
  "hotel": {
    "active_intent_accuracy": 0.2212425393380358,
    "average_cat_accuracy": 0.33379713348067774,
    "average_goal_accuracy": 0.37044104812197937,
    "average_noncat_accuracy": 0.3918384223918575,
    "joint_cat_accuracy": 0.3853771025501899,
    "joint_goal_accuracy": 0.21229343461747152,
    "joint_map_cat_accuracy": 0.4572707542051004,
    "joint_map_goal_accuracy": 0.2558071079761259,
    "joint_map_noncat_accuracy": 0.5056931633206728,
    "joint_noncat_accuracy": 0.4919625203472599,
    "joint_nonmap_cat_accuracy": 0.42973412913727616,
    "joint_nonmap_goal_accuracy": 0.42973412913727616,
    "joint_nonmap_noncat_accuracy": 1.0,
    "requested_slots_f1": 0.9556158437330439,
    "requested_slots_precision": 0.9937601736299512,
    "requested_slots_recall": 0.9613628142521251
  },
  "police": {
    "active_intent_accuracy": 0.06660336408030386,
    "joint_cat_accuracy": 0.6268312533912099,
    "joint_goal_accuracy": 0.6268312533912099,
    "joint_noncat_accuracy": 1.0,
    "joint_nonmap_cat_accuracy": 0.6268312533912099,
    "joint_nonmap_goal_accuracy": 0.6268312533912099,
    "joint_nonmap_noncat_accuracy": 1.0,
    "requested_slots_f1": 0.9679869777536625,
    "requested_slots_precision": 0.9679869777536625,
    "requested_slots_recall": 1.0
  },
  "restaurant": {
    "active_intent_accuracy": 0.2323657080846446,
    "average_cat_accuracy": 0.1363723241590214,
    "average_goal_accuracy": 0.1822331373428339,
    "average_noncat_accuracy": 0.3870854922279793,
    "joint_cat_accuracy": 0.37927292457948997,
    "joint_goal_accuracy": 0.14939314975583287,
    "joint_map_cat_accuracy": 0.40382528486163866,
    "joint_map_goal_accuracy": 0.16326559956592512,
    "joint_map_noncat_accuracy": 0.3343793136190992,
    "joint_noncat_accuracy": 0.3288904105168204,
    "joint_nonmap_cat_accuracy": 0.5056972327726533,
    "joint_nonmap_goal_accuracy": 0.5056972327726533,
    "joint_nonmap_noncat_accuracy": 1.0,
    "requested_slots_f1": 0.9243805389763067,
    "requested_slots_precision": 0.9502826008319768,
    "requested_slots_recall": 0.9704286489419425
  },
  "taxi": {
    "active_intent_accuracy": 0.06511123168746609,
    "average_goal_accuracy": 0.4785533854166667,
    "average_noncat_accuracy": 0.4785533854166667,
    "joint_goal_accuracy": 0.2933161910580575,
    "joint_map_goal_accuracy": 0.4971269669017906,
    "joint_map_noncat_accuracy": 0.4971269669017906,
    "joint_noncat_accuracy": 0.2933161910580575,
    "joint_nonmap_goal_accuracy": 0.30724905046120454,
    "joint_nonmap_noncat_accuracy": 0.30724905046120454,
    "requested_slots_f1": 0.8652107071803219,
    "requested_slots_precision": 0.8692349430276722,
    "requested_slots_recall": 0.9943027672273467
  },
  "train": {
    "active_intent_accuracy": 0.18109061313076505,
    "average_cat_accuracy": 0.08515037593984963,
    "average_goal_accuracy": 0.30066892962208647,
    "average_noncat_accuracy": 0.3996908924694321,
    "joint_cat_accuracy": 0.3914812805208899,
    "joint_goal_accuracy": 0.23062940857297884,
    "joint_map_cat_accuracy": 0.6686109603906674,
    "joint_map_goal_accuracy": 0.3348123033098209,
    "joint_map_noncat_accuracy": 0.471001654910472,
    "joint_noncat_accuracy": 0.36730322252556485,
    "joint_nonmap_cat_accuracy": 0.41928920238741185,
    "joint_nonmap_goal_accuracy": 0.2834074335322843,
    "joint_nonmap_noncat_accuracy": 0.4300721242539338,
    "requested_slots_f1": 0.9466901790558871,
    "requested_slots_precision": 0.9998643516006511,
    "requested_slots_recall": 0.946825827455236
  }
}