{
  "#ALL_SERVICES": {
    "active_intent_accuracy": 1.0,
    "average_cat_accuracy": 0.629417263745622,
    "average_goal_accuracy": 0.4870429757795981,
    "average_noncat_accuracy": 0.2596650477952513,
    "joint_cat_accuracy": 0.09278350515463918,
    "joint_goal_accuracy": 0.03621812262615301,
    "joint_noncat_accuracy": 0.17702116115029842,
    "requested_slots_f1": 0.9740518962075848,
    "requested_slots_precision": 1.0,
    "requested_slots_recall": 0.9740518962075848,
    "slot_tagging_f1": 0.9385113268608414,
    "slot_tagging_precision": 0.9439955041373563,
    "slot_tagging_recall": 0.965796562215375
  },
  "#SEEN_SERVICES": {
    "active_intent_accuracy": 1.0,
    "average_cat_accuracy": 0.629417263745622,
    "average_goal_accuracy": 0.4870429757795981,
    "average_noncat_accuracy": 0.2596650477952513,
    "joint_cat_accuracy": 0.09278350515463918,
    "joint_goal_accuracy": 0.03621812262615301,
    "joint_noncat_accuracy": 0.17702116115029842,
    "requested_slots_f1": 0.9740518962075848,
    "requested_slots_precision": 1.0,
    "requested_slots_recall": 0.9740518962075848,
    "slot_tagging_f1": 0.9385113268608414,
    "slot_tagging_precision": 0.9439955041373563,
    "slot_tagging_recall": 0.965796562215375
  },
  "attraction": {
    "active_intent_accuracy": 1.0,
    "average_cat_accuracy": 0.47174020823004464,
    "average_goal_accuracy": 0.32594417077175697,
    "average_noncat_accuracy": 0.0,
    "joint_cat_accuracy": 0.3228431904503527,
    "joint_goal_accuracy": 0.2863537710255019,
    "joint_noncat_accuracy": 0.8168746608790016,
    "requested_slots_f1": 0.9386869234943027,
    "requested_slots_precision": 1.0,
    "requested_slots_recall": 0.9386869234943027,
    "slot_tagging_f1": 0.9829083016820401,
    "slot_tagging_precision": 1.0,
    "slot_tagging_recall": 0.9829083016820401
  },
  "bus": {
    "active_intent_accuracy": 1.0,
    "joint_cat_accuracy": 1.0,
    "joint_goal_accuracy": 1.0,
    "requested_slots_f1": 1.0,
    "requested_slots_precision": 1.0,
    "requested_slots_recall": 1.0,
    "slot_tagging_f1": 1.0,
    "slot_tagging_precision": 1.0,
    "slot_tagging_recall": 1.0
  },
  "hospital": {
    "active_intent_accuracy": 1.0,
    "joint_cat_accuracy": 1.0,
    "joint_goal_accuracy": 1.0,
    "requested_slots_f1": 1.0,
    "requested_slots_precision": 1.0,
    "requested_slots_recall": 1.0,
    "slot_tagging_f1": 1.0,
    "slot_tagging_precision": 1.0,
    "slot_tagging_recall": 1.0
  },
  "hotel": {
    "active_intent_accuracy": 1.0,
    "average_cat_accuracy": 0.40958576116803963,
    "average_goal_accuracy": 0.37184502342925835,
    "average_noncat_accuracy": 0.17034925160370634,
    "joint_cat_accuracy": 0.5037308370641704,
    "joint_goal_accuracy": 0.49477682811016144,
    "joint_noncat_accuracy": 0.7651607651607651,
    "requested_slots_f1": 0.9666259666259667,
    "requested_slots_precision": 1.0,
    "requested_slots_recall": 0.9666259666259667,
    "slot_tagging_f1": 0.9712386379053046,
    "slot_tagging_precision": 0.9742233075566409,
    "slot_tagging_recall": 0.9811423144756478
  },
  "restaurant": {
    "active_intent_accuracy": 1.0,
    "average_cat_accuracy": 0.7481610530391019,
    "average_goal_accuracy": 0.5898215733982157,
    "average_noncat_accuracy": 0.43478796844181455,
    "joint_cat_accuracy": 0.5488334237655995,
    "joint_goal_accuracy": 0.42051003798155184,
    "joint_noncat_accuracy": 0.5286218122626153,
    "requested_slots_f1": 0.9670374389582203,
    "requested_slots_precision": 1.0,
    "requested_slots_recall": 0.9670374389582203,
    "slot_tagging_f1": 0.8100922409115573,
    "slot_tagging_precision": 0.8109061313076505,
    "slot_tagging_recall": 0.8913456321215409
  },
  "taxi": {
    "active_intent_accuracy": 1.0,
    "average_goal_accuracy": 0.16731568016614745,
    "average_noncat_accuracy": 0.16731568016614745,
    "joint_goal_accuracy": 0.5778621812262615,
    "joint_noncat_accuracy": 0.5778621812262615,
    "requested_slots_f1": 0.9928106348345089,
    "requested_slots_precision": 1.0,
    "requested_slots_recall": 0.9928106348345089,
    "slot_tagging_f1": 0.8894465545306566,
    "slot_tagging_precision": 0.9017905588714054,
    "slot_tagging_recall": 0.9654096581660336
  },
  "train": {
    "active_intent_accuracy": 1.0,
    "average_cat_accuracy": 0.8101097533378593,
    "average_goal_accuracy": 0.6904802259887006,
    "average_noncat_accuracy": 0.2838367987446057,
    "joint_cat_accuracy": 0.4540151926207271,
    "joint_goal_accuracy": 0.31958762886597936,
    "joint_noncat_accuracy": 0.7023874118285405,
    "requested_slots_f1": 0.9532013022246337,
    "requested_slots_precision": 1.0,
    "requested_slots_recall": 0.9532013022246337,
    "slot_tagging_f1": 0.9158979924036896,
    "slot_tagging_precision": 0.9210526315789473,
    "slot_tagging_recall": 0.9397721106890938
  }
}