{
  "#ALL_SERVICES": {
    "active_intent_accuracy": 1.0,
    "average_cat_accuracy": 0.629417263745622,
    "average_goal_accuracy": 0.5858373312810143,
    "average_noncat_accuracy": 0.5482648203823619,
    "joint_cat_accuracy": 0.09278350515463918,
    "joint_goal_accuracy": 0.045002712967986976,
    "joint_noncat_accuracy": 0.27306227618014106,
    "requested_slots_f1": 0.9740518962075848,
    "requested_slots_precision": 1.0,
    "requested_slots_recall": 0.9740518962075848,
    "slot_tagging_f1": 0.9385113268608414,
    "slot_tagging_precision": 0.9439955041373563,
    "slot_tagging_recall": 0.965796562215375
  },
  "#SEEN_SERVICES": {
    "active_intent_accuracy": 1.0,
    "average_cat_accuracy": 0.629417263745622,
    "average_goal_accuracy": 0.5858373312810143,
    "average_noncat_accuracy": 0.5482648203823619,
    "joint_cat_accuracy": 0.09278350515463918,
    "joint_goal_accuracy": 0.045002712967986976,
    "joint_noncat_accuracy": 0.27306227618014106,
    "requested_slots_f1": 0.9740518962075848,
    "requested_slots_precision": 1.0,
    "requested_slots_recall": 0.9740518962075848,
    "slot_tagging_f1": 0.9385113268608414,
    "slot_tagging_precision": 0.9439955041373563,
    "slot_tagging_recall": 0.965796562215375
  },
  "attraction": {
    "active_intent_accuracy": 1.0,
    "average_cat_accuracy": 0.47174020823004464,
    "average_goal_accuracy": 0.32594417077175697,
    "average_noncat_accuracy": 0.0,
    "joint_cat_accuracy": 0.3228431904503527,
    "joint_goal_accuracy": 0.2863537710255019,
    "joint_noncat_accuracy": 0.8168746608790016,
    "requested_slots_f1": 0.9386869234943027,
    "requested_slots_precision": 1.0,
    "requested_slots_recall": 0.9386869234943027,
    "slot_tagging_f1": 0.9829083016820401,
    "slot_tagging_precision": 1.0,
    "slot_tagging_recall": 0.9829083016820401
  },
  "bus": {
    "active_intent_accuracy": 1.0,
    "joint_cat_accuracy": 1.0,
    "joint_goal_accuracy": 1.0,
    "requested_slots_f1": 1.0,
    "requested_slots_precision": 1.0,
    "requested_slots_recall": 1.0,
    "slot_tagging_f1": 1.0,
    "slot_tagging_precision": 1.0,
    "slot_tagging_recall": 1.0
  },
  "hospital": {
    "active_intent_accuracy": 1.0,
    "joint_cat_accuracy": 1.0,
    "joint_goal_accuracy": 1.0,
    "requested_slots_f1": 1.0,
    "requested_slots_precision": 1.0,
    "requested_slots_recall": 1.0,
    "slot_tagging_f1": 1.0,
    "slot_tagging_precision": 1.0,
    "slot_tagging_recall": 1.0
  },
  "hotel": {
    "active_intent_accuracy": 1.0,
    "average_cat_accuracy": 0.40958576116803963,
    "average_goal_accuracy": 0.4779297106915924,
    "average_noncat_accuracy": 0.7849322879543834,
    "joint_cat_accuracy": 0.5037308370641704,
    "joint_goal_accuracy": 0.49967153710487044,
    "joint_noncat_accuracy": 0.8752911409578077,
    "requested_slots_f1": 0.9666259666259667,
    "requested_slots_precision": 1.0,
    "requested_slots_recall": 0.9666259666259667,
    "slot_tagging_f1": 0.9712386379053046,
    "slot_tagging_precision": 0.9742233075566409,
    "slot_tagging_recall": 0.9811423144756478
  },
  "restaurant": {
    "active_intent_accuracy": 1.0,
    "average_cat_accuracy": 0.7481610530391019,
    "average_goal_accuracy": 0.8233655510866147,
    "average_noncat_accuracy": 0.9169015039447732,
    "joint_cat_accuracy": 0.5488334237655995,
    "joint_goal_accuracy": 0.4635464186231687,
    "joint_noncat_accuracy": 0.6624649916125339,
    "requested_slots_f1": 0.9670374389582203,
    "requested_slots_precision": 1.0,
    "requested_slots_recall": 0.9670374389582203,
    "slot_tagging_f1": 0.8100922409115573,
    "slot_tagging_precision": 0.8109061313076505,
    "slot_tagging_recall": 0.8913456321215409
  },
  "taxi": {
    "active_intent_accuracy": 1.0,
    "average_goal_accuracy": 0.38321261682242985,
    "average_noncat_accuracy": 0.38321261682242985,
    "joint_goal_accuracy": 0.5795325576436468,
    "joint_noncat_accuracy": 0.5795325576436468,
    "requested_slots_f1": 0.9928106348345089,
    "requested_slots_precision": 1.0,
    "requested_slots_recall": 0.9928106348345089,
    "slot_tagging_f1": 0.8894465545306566,
    "slot_tagging_precision": 0.9017905588714054,
    "slot_tagging_recall": 0.9654096581660336
  },
  "train": {
    "active_intent_accuracy": 1.0,
    "average_cat_accuracy": 0.8101097533378593,
    "average_goal_accuracy": 0.7075597175141243,
    "average_noncat_accuracy": 0.35888976069046685,
    "joint_cat_accuracy": 0.4540151926207271,
    "joint_goal_accuracy": 0.3241055881728161,
    "joint_noncat_accuracy": 0.7124264881456863,
    "requested_slots_f1": 0.9532013022246337,
    "requested_slots_precision": 1.0,
    "requested_slots_recall": 0.9532013022246337,
    "slot_tagging_f1": 0.9158979924036896,
    "slot_tagging_precision": 0.9210526315789473,
    "slot_tagging_recall": 0.9397721106890938
  }
}