{
  "attraction-area_acc": 0.39446554530656536,
  "attraction-area_f1": 0.27391021470396876,
  "attraction-area_precision": 0.16732909379968203,
  "attraction-area_recall": 0.7544802867383512,
  "attraction-name_acc": 0.8168746608790016,
  "attraction-name_f1": 0,
  "attraction-name_precision": 0,
  "attraction-name_recall": 0,
  "attraction-type_acc": 0.8270482908301682,
  "attraction-type_f1": 0.5172283226050738,
  "attraction-type_precision": 0.53027950310559,
  "attraction-type_recall": 0.5048041389504804,
  "hotel-area_acc": 0.7745217745217745,
  "hotel-area_f1": 0.3502736512900703,
  "hotel-area_precision": 0.25310734463276835,
  "hotel-area_recall": 0.5685279187817259,
  "hotel-bookday_acc": 0.9381359381359381,
  "hotel-bookday_f1": 0.7790697674418605,
  "hotel-bookday_precision": 0.7369385884509624,
  "hotel-bookday_recall": 0.8263103802672148,
  "hotel-bookpeople_acc": 0.743996743996744,
  "hotel-bookpeople_f1": 0.286578449905482,
  "hotel-bookpeople_precision": 0.23208818126148192,
  "hotel-bookpeople_recall": 0.37450592885375494,
  "hotel-bookstay_acc": 0.9301315967982635,
  "hotel-bookstay_f1": 0.776959722823733,
  "hotel-bookstay_precision": 0.6379800853485064,
  "hotel-bookstay_recall": 0.9933554817275747,
  "hotel-internet_acc": 0.8477818477818477,
  "hotel-internet_f1": 0.015789473684210527,
  "hotel-internet_precision": 0.020594965675057208,
  "hotel-internet_recall": 0.012802275960170697,
  "hotel-name_acc": 0.7651607651607651,
  "hotel-name_f1": 0.2163875056586691,
  "hotel-name_precision": 0.13374370453273643,
  "hotel-name_recall": 0.566350710900474,
  "hotel-parking_acc": 0.8308234974901642,
  "hotel-parking_f1": 0.028059236165237728,
  "hotel-parking_precision": 0.023746701846965697,
  "hotel-parking_recall": 0.03428571428571429,
  "hotel-pricerange_acc": 0.8545651878985212,
  "hotel-pricerange_f1": 0.5694779116465863,
  "hotel-pricerange_precision": 0.4428482198625859,
  "hotel-pricerange_recall": 0.7975253093363329,
  "hotel-stars_acc": 0.9397639397639398,
  "hotel-stars_f1": 0.8145363408521303,
  "hotel-stars_precision": 0.7695343330702447,
  "hotel-stars_recall": 0.865128660159716,
  "hotel-type_acc": 0.7993487993487993,
  "hotel-type_f1": 0.09872029250457037,
  "hotel-type_precision": 0.13798977853492334,
  "hotel-type_recall": 0.07685009487666034,
  "restaurant-area_acc": 0.7885241454150841,
  "restaurant-area_f1": 0.6081930133199297,
  "restaurant-area_precision": 0.46935608999224204,
  "restaurant-area_recall": 0.8636688079942898,
  "restaurant-bookday_acc": 0.9525230602278894,
  "restaurant-bookday_f1": 0.8700816629547142,
  "restaurant-bookday_precision": 0.7897574123989218,
  "restaurant-bookday_recall": 0.968595041322314,
  "restaurant-bookpeople_acc": 0.7944926749864352,
  "restaurant-bookpeople_f1": 0.61867606342814,
  "restaurant-bookpeople_precision": 0.46116322701688556,
  "restaurant-bookpeople_recall": 0.9396024464831805,
  "restaurant-booktime_acc": 0.8373575691806837,
  "restaurant-booktime_f1": 0.658501851324409,
  "restaurant-booktime_precision": 0.4931740614334471,
  "restaurant-booktime_recall": 0.9905741216795202,
  "restaurant-food_acc": 0.762072707542051,
  "restaurant-food_f1": 0.4785969084423306,
  "restaurant-food_precision": 0.3207171314741036,
  "restaurant-food_recall": 0.9426229508196722,
  "restaurant-name_acc": 0.7107976125881714,
  "restaurant-name_f1": 0.22019019751280172,
  "restaurant-name_precision": 0.1262054507337526,
  "restaurant-name_recall": 0.8624641833810889,
  "restaurant-pricerange_acc": 0.856348345089528,
  "restaurant-pricerange_f1": 0.7335849056603774,
  "restaurant-pricerange_precision": 0.586484312148029,
  "restaurant-pricerange_recall": 0.9791806581598388,
  "taxi-arriveby_acc": 0.967444384156267,
  "taxi-arriveby_f1": 0,
  "taxi-arriveby_precision": 0,
  "taxi-arriveby_recall": 0,
  "taxi-departure_acc": 0.9160336408030385,
  "taxi-departure_f1": 0.060698027314112286,
  "taxi-departure_precision": 0.050505050505050504,
  "taxi-departure_recall": 0.07604562737642585,
  "taxi-destination_acc": 0.9206456863809007,
  "taxi-destination_f1": 0.23328964613368286,
  "taxi-destination_precision": 0.14983164983164984,
  "taxi-destination_recall": 0.5266272189349113,
  "taxi-leaveat_acc": 0.6346988605534455,
  "taxi-leaveat_f1": 0.11210023079459282,
  "taxi-leaveat_precision": 0.0619533527696793,
  "taxi-leaveat_recall": 0.5882352941176471,
  "train-arriveby_acc": 0.7643787303309821,
  "train-arriveby_f1": 0.10968733982573038,
  "train-arriveby_precision": 0.17065390749601275,
  "train-arriveby_recall": 0.08081570996978851,
  "train-bookpeople_acc": 0.6752577319587629,
  "train-bookpeople_f1": 0.45516613563950836,
  "train-bookpeople_precision": 0.30404378230465184,
  "train-bookpeople_recall": 0.9049773755656109,
  "train-day_acc": 0.8958220293000543,
  "train-day_f1": 0.8415841584158416,
  "train-day_precision": 0.8789314950452392,
  "train-day_recall": 0.8072813612979818,
  "train-departure_acc": 0.8929734129137277,
  "train-departure_f1": 0.8542936288088642,
  "train-departure_precision": 0.7769566677863621,
  "train-departure_recall": 0.9487284659557014,
  "train-destination_acc": 0.8030385241454151,
  "train-destination_f1": 0.7457983193277311,
  "train-destination_precision": 0.6421465179378957,
  "train-destination_recall": 0.8893528183716075,
  "train-leaveat_acc": 0.763293543136191,
  "train-leaveat_f1": 0.4332575511529717,
  "train-leaveat_precision": 0.291520979020979,
  "train-leaveat_recall": 0.843236409608091
}