{
  "#ALL_SERVICES": {
    "active_intent_accuracy": 0.13846310363537712,
    "average_cat_accuracy": 0.16072173294703815,
    "average_goal_accuracy": 0.17449405972370938,
    "average_noncat_accuracy": 0.19136363636363635,
    "joint_cat_accuracy": 0.46256104177970697,
    "joint_goal_accuracy": 0.3064636462289745,
    "joint_map_cat_accuracy": 0.459814161692892,
    "joint_map_goal_accuracy": 0.26608790016277806,
    "joint_map_noncat_accuracy": 0.36543678784590344,
    "joint_noncat_accuracy": 0.4614588985349973,
    "joint_nonmap_cat_accuracy": 0.5297748236570808,
    "joint_nonmap_goal_accuracy": 0.4333118556701031,
    "joint_nonmap_noncat_accuracy": 0.6976736299511666,
    "requested_slots_f1": 0.918002063255217,
    "requested_slots_precision": 0.9359627725886882,
    "requested_slots_recall": 0.9782679960209804
  },
  "#SEEN_SERVICES": {
    "active_intent_accuracy": 0.13846310363537712,
    "average_cat_accuracy": 0.16072173294703815,
    "average_goal_accuracy": 0.17449405972370938,
    "average_noncat_accuracy": 0.19136363636363635,
    "joint_cat_accuracy": 0.46256104177970697,
    "joint_goal_accuracy": 0.3064636462289745,
    "joint_map_cat_accuracy": 0.459814161692892,
    "joint_map_goal_accuracy": 0.26608790016277806,
    "joint_map_noncat_accuracy": 0.36543678784590344,
    "joint_noncat_accuracy": 0.4614588985349973,
    "joint_nonmap_cat_accuracy": 0.5297748236570808,
    "joint_nonmap_goal_accuracy": 0.4333118556701031,
    "joint_nonmap_noncat_accuracy": 0.6976736299511666,
    "requested_slots_f1": 0.918002063255217,
    "requested_slots_precision": 0.9359627725886882,
    "requested_slots_recall": 0.9782679960209804
  },
  "attraction": {
    "active_intent_accuracy": 0.22693977211068908,
    "average_cat_accuracy": 0.04563492063492063,
    "average_goal_accuracy": 0.03733388135361008,
    "average_noncat_accuracy": 0.017804154302670624,
    "joint_cat_accuracy": 0.39826370048833426,
    "joint_goal_accuracy": 0.21066196418882258,
    "joint_map_cat_accuracy": 0.5311991318502441,
    "joint_map_goal_accuracy": 0.2623440043407488,
    "joint_map_noncat_accuracy": 0.49416711882799785,
    "joint_noncat_accuracy": 0.49416711882799785,
    "joint_nonmap_cat_accuracy": 0.5549376017362995,
    "joint_nonmap_goal_accuracy": 0.5549376017362995,
    "joint_nonmap_noncat_accuracy": 1.0,
    "requested_slots_f1": 0.8829528718703976,
    "requested_slots_precision": 0.905577410019895,
    "requested_slots_recall": 0.9532239102911918
  },
  "bus": {
    "active_intent_accuracy": 0.061313076505697235,
    "joint_cat_accuracy": 0.6421595225176343,
    "joint_goal_accuracy": 0.19072164948453607,
    "joint_noncat_accuracy": 0.2786218122626153,
    "joint_nonmap_cat_accuracy": 0.6421595225176343,
    "joint_nonmap_goal_accuracy": 0.19072164948453607,
    "joint_nonmap_noncat_accuracy": 0.2786218122626153,
    "requested_slots_f1": 0.945604991861096,
    "requested_slots_precision": 0.945604991861096,
    "requested_slots_recall": 1.0
  },
  "hospital": {
    "active_intent_accuracy": 0.053038524145415086,
    "joint_goal_accuracy": 0.5686380900705371,
    "joint_noncat_accuracy": 0.5686380900705371,
    "joint_nonmap_goal_accuracy": 0.5686380900705371,
    "joint_nonmap_noncat_accuracy": 0.5686380900705371,
    "requested_slots_f1": 0.8537710255018991,
    "requested_slots_precision": 0.8537710255018991,
    "requested_slots_recall": 1.0
  },
  "hotel": {
    "active_intent_accuracy": 0.2212425393380358,
    "average_cat_accuracy": 0.3395554550934298,
    "average_goal_accuracy": 0.29774861387110224,
    "average_noncat_accuracy": 0.05216284987277354,
    "joint_cat_accuracy": 0.3823928377645144,
    "joint_goal_accuracy": 0.19858925664677157,
    "joint_map_cat_accuracy": 0.46812262615301137,
    "joint_map_goal_accuracy": 0.24118285404232231,
    "joint_map_noncat_accuracy": 0.42051003798155184,
    "joint_noncat_accuracy": 0.42051003798155184,
    "joint_nonmap_cat_accuracy": 0.42973412913727616,
    "joint_nonmap_goal_accuracy": 0.42973412913727616,
    "joint_nonmap_noncat_accuracy": 1.0,
    "requested_slots_f1": 0.9556158437330439,
    "requested_slots_precision": 0.9936245252306023,
    "requested_slots_recall": 0.9613628142521251
  },
  "police": {
    "active_intent_accuracy": 0.06660336408030386,
    "joint_cat_accuracy": 0.6268312533912099,
    "joint_goal_accuracy": 0.6268312533912099,
    "joint_noncat_accuracy": 1.0,
    "joint_nonmap_cat_accuracy": 0.6268312533912099,
    "joint_nonmap_goal_accuracy": 0.6268312533912099,
    "joint_nonmap_noncat_accuracy": 1.0,
    "requested_slots_f1": 0.9679869777536625,
    "requested_slots_precision": 0.9679869777536625,
    "requested_slots_recall": 1.0
  },
  "restaurant": {
    "active_intent_accuracy": 0.2323657080846446,
    "average_cat_accuracy": 0.18870176797006064,
    "average_goal_accuracy": 0.2124420748417958,
    "average_noncat_accuracy": 0.25711457560009904,
    "joint_cat_accuracy": 0.38062940857297883,
    "joint_goal_accuracy": 0.1466359196961476,
    "joint_map_cat_accuracy": 0.48480737927292455,
    "joint_map_goal_accuracy": 0.17254476397178514,
    "joint_map_noncat_accuracy": 0.2478296256104178,
    "joint_noncat_accuracy": 0.2478296256104178,
    "joint_nonmap_cat_accuracy": 0.5056972327726533,
    "joint_nonmap_goal_accuracy": 0.5056972327726533,
    "joint_nonmap_noncat_accuracy": 1.0,
    "requested_slots_f1": 0.9262517332851028,
    "requested_slots_precision": 0.9522414283130506,
    "requested_slots_recall": 0.9704286489419425
  },
  "taxi": {
    "active_intent_accuracy": 0.06511123168746609,
    "average_goal_accuracy": 0.3067708333333333,
    "average_noncat_accuracy": 0.3067708333333333,
    "joint_goal_accuracy": 0.25461204557786216,
    "joint_map_goal_accuracy": 0.29924036896364625,
    "joint_map_noncat_accuracy": 0.29924036896364625,
    "joint_noncat_accuracy": 0.25461204557786216,
    "joint_nonmap_goal_accuracy": 0.30683667932718395,
    "joint_nonmap_noncat_accuracy": 0.30683667932718395,
    "requested_slots_f1": 0.8651428829806476,
    "requested_slots_precision": 0.8690314704286489,
    "requested_slots_recall": 0.9943027672273467
  },
  "train": {
    "active_intent_accuracy": 0.18109061313076505,
    "average_cat_accuracy": 0.0709551325628824,
    "average_goal_accuracy": 0.11382665761484498,
    "average_noncat_accuracy": 0.2706205813040063,
    "joint_cat_accuracy": 0.3450895279435703,
    "joint_goal_accuracy": 0.25501899077590884,
    "joint_map_cat_accuracy": 0.35512750949538796,
    "joint_map_goal_accuracy": 0.35512750949538796,
    "joint_noncat_accuracy": 0.42729245794899623,
    "joint_nonmap_cat_accuracy": 0.41928920238741185,
    "joint_nonmap_goal_accuracy": 0.28309820944112857,
    "joint_nonmap_noncat_accuracy": 0.42729245794899623,
    "requested_slots_f1": 0.9466901790558871,
    "requested_slots_precision": 0.9998643516006511,
    "requested_slots_recall": 0.946825827455236
  }
}