{
  "attraction-area_acc": 0.5549376017362995,
  "attraction-area_f1": 0.058536585365853655,
  "attraction-area_precision": 0.04619565217391304,
  "attraction-area_recall": 0.07987470634299139,
  "attraction-name_acc": 0.49416711882799785,
  "attraction-name_f1": 0.012708498808578236,
  "attraction-name_precision": 0.007970773829292593,
  "attraction-name_recall": 0.031331592689295036,
  "attraction-type_acc": 0.5311991318502441,
  "attraction-type_f1": 0.019296254256526674,
  "attraction-type_precision": 0.015267175572519083,
  "attraction-type_recall": 0.026214340786430222,
  "hotel-area_acc": 0.5899348887683126,
  "hotel-area_f1": 0.06263565891472868,
  "hotel-area_precision": 0.038520213577421816,
  "hotel-area_recall": 0.16749585406301823,
  "hotel-bookday_acc": 0.6334780249593055,
  "hotel-bookday_f1": 0.04724964739069111,
  "hotel-bookday_precision": 0.029711751662971176,
  "hotel-bookday_recall": 0.1153184165232358,
  "hotel-bookpeople_acc": 0.6753933803581118,
  "hotel-bookpeople_f1": 0.34919771552896384,
  "hotel-bookpeople_precision": 0.22137931034482758,
  "hotel-bookpeople_recall": 0.8262548262548263,
  "hotel-bookstay_acc": 0.5944112859468258,
  "hotel-bookstay_f1": 0.09063260340632603,
  "hotel-bookstay_precision": 0.054142441860465115,
  "hotel-bookstay_recall": 0.27798507462686567,
  "hotel-internet_acc": 0.7339934888768312,
  "hotel-internet_f1": 0.3474209650582363,
  "hotel-internet_precision": 0.26403641881638845,
  "hotel-internet_recall": 0.5077821011673151,
  "hotel-name_acc": 0.42051003798155184,
  "hotel-name_f1": 0.0369702434625789,
  "hotel-name_precision": 0.02137643378519291,
  "hotel-name_recall": 0.13666666666666666,
  "hotel-parking_acc": 0.7255832881172002,
  "hotel-parking_f1": 0.2992726013162452,
  "hotel-parking_precision": 0.2261780104712042,
  "hotel-parking_recall": 0.4421699078812692,
  "hotel-pricerange_acc": 0.6435160065111232,
  "hotel-pricerange_f1": 0.28819068255687974,
  "hotel-pricerange_precision": 0.19703703703703704,
  "hotel-pricerange_recall": 0.5362903225806451,
  "hotel-stars_acc": 0.7497287032013022,
  "hotel-stars_f1": 0.43387542190856093,
  "hotel-stars_precision": 0.2989429175475687,
  "hotel-stars_recall": 0.79082774049217,
  "hotel-type_acc": 0.606348345089528,
  "hotel-type_f1": 0.21736785329018338,
  "hotel-type_precision": 0.1392055267702936,
  "hotel-type_recall": 0.4956949569495695,
  "restaurant-area_acc": 0.5569723277265328,
  "restaurant-area_f1": 0.11777417612101565,
  "restaurant-area_precision": 0.09532138172278093,
  "restaurant-area_recall": 0.15406360424028268,
  "restaurant-bookday_acc": 0.6819045035268584,
  "restaurant-bookday_f1": 0.036960985626283374,
  "restaurant-bookday_precision": 0.033682634730538924,
  "restaurant-bookday_recall": 0.04094631483166515,
  "restaurant-bookpeople_acc": 0.6831253391209984,
  "restaurant-bookpeople_f1": 0.4288508557457213,
  "restaurant-bookpeople_precision": 0.2861337683523654,
  "restaurant-bookpeople_recall": 0.855609756097561,
  "restaurant-booktime_acc": 0.5005425935973955,
  "restaurant-booktime_f1": 0.3166295471417966,
  "restaurant-booktime_precision": 0.19006238859180036,
  "restaurant-booktime_recall": 0.9477777777777778,
  "restaurant-food_acc": 0.5119370591427022,
  "restaurant-food_f1": 0.20398230088495575,
  "restaurant-food_precision": 0.12472943722943723,
  "restaurant-food_recall": 0.5594660194174758,
  "restaurant-name_acc": 0.49715138361367334,
  "restaurant-name_f1": 0.03988603988603989,
  "restaurant-name_precision": 0.028444772811230146,
  "restaurant-name_recall": 0.06672443674176777,
  "restaurant-pricerange_acc": 0.672816060770483,
  "restaurant-pricerange_f1": 0.1762295081967213,
  "restaurant-pricerange_precision": 0.2502424830261882,
  "restaurant-pricerange_recall": 0.136004217185029,
  "taxi-arriveby_acc": 0.3791372761801411,
  "taxi-arriveby_f1": 0.08221375576498897,
  "taxi-arriveby_precision": 0.042904981163666804,
  "taxi-arriveby_recall": 0.9808612440191388,
  "taxi-departure_acc": 0.3336950623982637,
  "taxi-departure_f1": 0.0020316944331572532,
  "taxi-departure_precision": 0.001024380249948781,
  "taxi-departure_recall": 0.12195121951219512,
  "taxi-destination_acc": 0.29924036896364625,
  "taxi-destination_f1": 0.013368983957219253,
  "taxi-destination_precision": 0.006800077715173888,
  "taxi-destination_recall": 0.39325842696629215,
  "taxi-leaveat_acc": 0.4097938144329897,
  "taxi-leaveat_f1": 0.11366877164391935,
  "taxi-leaveat_precision": 0.06037654187405324,
  "taxi-leaveat_recall": 0.96875,
  "train-arriveby_acc": 0.5318773738469886,
  "train-arriveby_f1": 0.23088923556942278,
  "train-arriveby_precision": 0.13521273818846255,
  "train-arriveby_recall": 0.7896341463414634,
  "train-bookpeople_acc": 0.6246608790016278,
  "train-bookpeople_f1": 0.23117532647957767,
  "train-bookpeople_precision": 0.15476190476190477,
  "train-bookpeople_recall": 0.4566410537870472,
  "train-day_acc": 0.41928920238741185,
  "train-day_f1": 0.03166704365528161,
  "train-day_precision": 0.029573299535276723,
  "train-day_recall": 0.034079844206426485,
  "train-departure_acc": 0.43366793271839393,
  "train-departure_f1": 0.04919152812571169,
  "train-departure_precision": 0.04460966542750929,
  "train-departure_recall": 0.05482233502538071,
  "train-destination_acc": 0.4294628323385784,
  "train-destination_f1": 0.06366874443455031,
  "train-destination_precision": 0.06111111111111111,
  "train-destination_recall": 0.06644981412639406,
  "train-leaveat_acc": 0.509631036353771,
  "train-leaveat_f1": 0.09692730452160879,
  "train-leaveat_precision": 0.0522911051212938,
  "train-leaveat_recall": 0.6621160409556314
}