{
  "#ALL_SERVICES": {
    "active_intent_accuracy": 1.0,
    "average_cat_accuracy": 0.6085514599823232,
    "average_goal_accuracy": 0.4592896361961204,
    "average_noncat_accuracy": 0.2931683914198485,
    "joint_cat_accuracy": 0.1961475854584916,
    "joint_goal_accuracy": 0.0572436245252306,
    "joint_noncat_accuracy": 0.16508410200759632,
    "requested_slots_f1": 0.974023331524688,
    "requested_slots_precision": 1.0,
    "requested_slots_recall": 0.974023331524688,
    "slot_tagging_f1": 0.9501435612226443,
    "slot_tagging_precision": 0.9545662642430819,
    "slot_tagging_recall": 0.9735146500271297
  },
  "#SEEN_SERVICES": {
    "active_intent_accuracy": 1.0,
    "average_cat_accuracy": 0.6085514599823232,
    "average_goal_accuracy": 0.4592896361961204,
    "average_noncat_accuracy": 0.2931683914198485,
    "joint_cat_accuracy": 0.1961475854584916,
    "joint_goal_accuracy": 0.0572436245252306,
    "joint_noncat_accuracy": 0.16508410200759632,
    "requested_slots_f1": 0.974023331524688,
    "requested_slots_precision": 1.0,
    "requested_slots_recall": 0.974023331524688,
    "slot_tagging_f1": 0.9501435612226443,
    "slot_tagging_precision": 0.9545662642430819,
    "slot_tagging_recall": 0.9735146500271297
  },
  "attraction": {
    "active_intent_accuracy": 1.0,
    "average_cat_accuracy": 0.3819444444444444,
    "average_goal_accuracy": 0.26558432662008497,
    "average_noncat_accuracy": 0.0,
    "joint_cat_accuracy": 0.7406402604449267,
    "joint_goal_accuracy": 0.6893651654910472,
    "joint_noncat_accuracy": 0.8171459576776994,
    "requested_slots_f1": 0.9305480195333695,
    "requested_slots_precision": 1.0,
    "requested_slots_recall": 0.9305480195333695,
    "slot_tagging_f1": 0.9820944112859469,
    "slot_tagging_precision": 1.0,
    "slot_tagging_recall": 0.9820944112859469
  },
  "bus": {
    "active_intent_accuracy": 1.0,
    "joint_cat_accuracy": 1.0,
    "joint_goal_accuracy": 1.0,
    "joint_noncat_accuracy": 1.0,
    "requested_slots_f1": 1.0,
    "requested_slots_precision": 1.0,
    "requested_slots_recall": 1.0,
    "slot_tagging_f1": 1.0,
    "slot_tagging_precision": 1.0,
    "slot_tagging_recall": 1.0
  },
  "hospital": {
    "active_intent_accuracy": 1.0,
    "joint_goal_accuracy": 1.0,
    "joint_noncat_accuracy": 1.0,
    "requested_slots_f1": 1.0,
    "requested_slots_precision": 1.0,
    "requested_slots_recall": 1.0,
    "slot_tagging_f1": 1.0,
    "slot_tagging_precision": 1.0,
    "slot_tagging_recall": 1.0
  },
  "hotel": {
    "active_intent_accuracy": 1.0,
    "average_cat_accuracy": 0.38423665528095907,
    "average_goal_accuracy": 0.3487593839699713,
    "average_noncat_accuracy": 0.1692111959287532,
    "joint_cat_accuracy": 0.5031199131850245,
    "joint_goal_accuracy": 0.49498100922409116,
    "joint_noncat_accuracy": 0.765735214324471,
    "requested_slots_f1": 0.9610689093868693,
    "requested_slots_precision": 1.0,
    "requested_slots_recall": 0.9610689093868693,
    "slot_tagging_f1": 0.9713781877373847,
    "slot_tagging_precision": 0.9742268041237113,
    "slot_tagging_recall": 0.9801953336950624
  },
  "police": {
    "active_intent_accuracy": 1.0,
    "joint_cat_accuracy": 1.0,
    "joint_goal_accuracy": 1.0,
    "joint_noncat_accuracy": 1.0,
    "requested_slots_f1": 1.0,
    "requested_slots_precision": 1.0,
    "requested_slots_recall": 1.0,
    "slot_tagging_f1": 1.0,
    "slot_tagging_precision": 1.0,
    "slot_tagging_recall": 1.0
  },
  "restaurant": {
    "active_intent_accuracy": 1.0,
    "average_cat_accuracy": 0.8129523445463812,
    "average_goal_accuracy": 0.7048075805138938,
    "average_noncat_accuracy": 0.46917098445595856,
    "joint_cat_accuracy": 0.5397449810092241,
    "joint_goal_accuracy": 0.44343461747151386,
    "joint_noncat_accuracy": 0.5963103635377103,
    "requested_slots_f1": 0.9618827997829625,
    "requested_slots_precision": 1.0,
    "requested_slots_recall": 0.9618827997829625,
    "slot_tagging_f1": 0.8586543678784591,
    "slot_tagging_precision": 0.8602821486706457,
    "slot_tagging_recall": 0.9382799782962561
  },
  "taxi": {
    "active_intent_accuracy": 1.0,
    "average_goal_accuracy": 0.38255208333333335,
    "average_noncat_accuracy": 0.38255208333333335,
    "joint_goal_accuracy": 0.904639175257732,
    "joint_noncat_accuracy": 0.904639175257732,
    "requested_slots_f1": 0.9918610960390667,
    "requested_slots_precision": 1.0,
    "requested_slots_recall": 0.9918610960390667,
    "slot_tagging_f1": 0.951709169831796,
    "slot_tagging_precision": 0.9629679869777537,
    "slot_tagging_recall": 0.9556429734129137
  },
  "train": {
    "active_intent_accuracy": 1.0,
    "average_cat_accuracy": 0.7791353383458647,
    "average_goal_accuracy": 0.49409934374292824,
    "average_noncat_accuracy": 0.3593874985715918,
    "joint_cat_accuracy": 0.5964460119370592,
    "joint_goal_accuracy": 0.28689636462289747,
    "joint_noncat_accuracy": 0.4981009224091156,
    "requested_slots_f1": 0.946825827455236,
    "requested_slots_precision": 1.0,
    "requested_slots_recall": 0.946825827455236,
    "slot_tagging_f1": 0.8373123530475675,
    "slot_tagging_precision": 0.8390531741725448,
    "slot_tagging_recall": 0.9319045035268584
  }
}