{
  "#ALL_SERVICES": {
    "active_intent_accuracy": 1.0,
    "average_cat_accuracy": 0.6085514599823232,
    "average_goal_accuracy": 0.607900892217325,
    "average_noncat_accuracy": 0.6781904960152255,
    "joint_cat_accuracy": 0.1961475854584916,
    "joint_goal_accuracy": 0.07910008138903961,
    "joint_map_cat_accuracy": 0.3800868149755833,
    "joint_map_goal_accuracy": 0.21022750949538796,
    "joint_map_noncat_accuracy": 0.43436612791644064,
    "joint_noncat_accuracy": 0.28455584034183395,
    "joint_nonmap_cat_accuracy": 0.32664134563212155,
    "joint_nonmap_goal_accuracy": 0.21289142702116115,
    "joint_nonmap_noncat_accuracy": 0.6072321758003256,
    "requested_slots_f1": 0.974023331524688,
    "requested_slots_precision": 1.0,
    "requested_slots_recall": 0.974023331524688,
    "slot_tagging_f1": 0.9501435612226443,
    "slot_tagging_precision": 0.9545662642430819,
    "slot_tagging_recall": 0.9735146500271297
  },
  "#SEEN_SERVICES": {
    "active_intent_accuracy": 1.0,
    "average_cat_accuracy": 0.6085514599823232,
    "average_goal_accuracy": 0.607900892217325,
    "average_noncat_accuracy": 0.6781904960152255,
    "joint_cat_accuracy": 0.1961475854584916,
    "joint_goal_accuracy": 0.07910008138903961,
    "joint_map_cat_accuracy": 0.3800868149755833,
    "joint_map_goal_accuracy": 0.21022750949538796,
    "joint_map_noncat_accuracy": 0.43436612791644064,
    "joint_noncat_accuracy": 0.28455584034183395,
    "joint_nonmap_cat_accuracy": 0.32664134563212155,
    "joint_nonmap_goal_accuracy": 0.21289142702116115,
    "joint_nonmap_noncat_accuracy": 0.6072321758003256,
    "requested_slots_f1": 0.974023331524688,
    "requested_slots_precision": 1.0,
    "requested_slots_recall": 0.974023331524688,
    "slot_tagging_f1": 0.9501435612226443,
    "slot_tagging_precision": 0.9545662642430819,
    "slot_tagging_recall": 0.9735146500271297
  },
  "attraction": {
    "active_intent_accuracy": 1.0,
    "average_cat_accuracy": 0.3819444444444444,
    "average_goal_accuracy": 0.26558432662008497,
    "average_noncat_accuracy": 0.0,
    "joint_cat_accuracy": 0.7406402604449267,
    "joint_goal_accuracy": 0.6893651654910472,
    "joint_map_cat_accuracy": 0.8440043407487792,
    "joint_map_goal_accuracy": 0.7414541508410201,
    "joint_map_noncat_accuracy": 0.8171459576776994,
    "joint_noncat_accuracy": 0.8171459576776994,
    "joint_nonmap_cat_accuracy": 0.7973412913727618,
    "joint_nonmap_goal_accuracy": 0.7973412913727618,
    "joint_nonmap_noncat_accuracy": 1.0,
    "requested_slots_f1": 0.9305480195333695,
    "requested_slots_precision": 1.0,
    "requested_slots_recall": 0.9305480195333695,
    "slot_tagging_f1": 0.9820944112859469,
    "slot_tagging_precision": 1.0,
    "slot_tagging_recall": 0.9820944112859469
  },
  "bus": {
    "active_intent_accuracy": 1.0,
    "joint_cat_accuracy": 1.0,
    "joint_goal_accuracy": 1.0,
    "joint_noncat_accuracy": 1.0,
    "joint_nonmap_cat_accuracy": 1.0,
    "joint_nonmap_goal_accuracy": 1.0,
    "joint_nonmap_noncat_accuracy": 1.0,
    "requested_slots_f1": 1.0,
    "requested_slots_precision": 1.0,
    "requested_slots_recall": 1.0,
    "slot_tagging_f1": 1.0,
    "slot_tagging_precision": 1.0,
    "slot_tagging_recall": 1.0
  },
  "hospital": {
    "active_intent_accuracy": 1.0,
    "joint_goal_accuracy": 1.0,
    "joint_noncat_accuracy": 1.0,
    "joint_nonmap_goal_accuracy": 1.0,
    "joint_nonmap_noncat_accuracy": 1.0,
    "requested_slots_f1": 1.0,
    "requested_slots_precision": 1.0,
    "requested_slots_recall": 1.0,
    "slot_tagging_f1": 1.0,
    "slot_tagging_precision": 1.0,
    "slot_tagging_recall": 1.0
  },
  "hotel": {
    "active_intent_accuracy": 1.0,
    "average_cat_accuracy": 0.38423665528095907,
    "average_goal_accuracy": 0.4604105778194843,
    "average_noncat_accuracy": 0.7870165394402036,
    "joint_cat_accuracy": 0.5031199131850245,
    "joint_goal_accuracy": 0.499413958220293,
    "joint_map_cat_accuracy": 0.6819045035268584,
    "joint_map_goal_accuracy": 0.6271665626695606,
    "joint_map_noncat_accuracy": 0.8901239962018448,
    "joint_noncat_accuracy": 0.8901239962018448,
    "joint_nonmap_cat_accuracy": 0.6603364080303853,
    "joint_nonmap_goal_accuracy": 0.6603364080303853,
    "joint_nonmap_noncat_accuracy": 1.0,
    "requested_slots_f1": 0.9610689093868693,
    "requested_slots_precision": 1.0,
    "requested_slots_recall": 0.9610689093868693,
    "slot_tagging_f1": 0.9713781877373847,
    "slot_tagging_precision": 0.9742268041237113,
    "slot_tagging_recall": 0.9801953336950624
  },
  "police": {
    "active_intent_accuracy": 1.0,
    "joint_cat_accuracy": 1.0,
    "joint_goal_accuracy": 1.0,
    "joint_noncat_accuracy": 1.0,
    "joint_nonmap_cat_accuracy": 1.0,
    "joint_nonmap_goal_accuracy": 1.0,
    "joint_nonmap_noncat_accuracy": 1.0,
    "requested_slots_f1": 1.0,
    "requested_slots_precision": 1.0,
    "requested_slots_recall": 1.0,
    "slot_tagging_f1": 1.0,
    "slot_tagging_precision": 1.0,
    "slot_tagging_recall": 1.0
  },
  "restaurant": {
    "active_intent_accuracy": 1.0,
    "average_cat_accuracy": 0.8129523445463812,
    "average_goal_accuracy": 0.8366896041988472,
    "average_noncat_accuracy": 0.909860103626943,
    "joint_cat_accuracy": 0.5397449810092241,
    "joint_goal_accuracy": 0.47748404778214865,
    "joint_map_cat_accuracy": 0.6304937601736299,
    "joint_map_goal_accuracy": 0.5362205512072707,
    "joint_map_noncat_accuracy": 0.7459929749674444,
    "joint_noncat_accuracy": 0.7459929749674444,
    "joint_nonmap_cat_accuracy": 0.7860824742268041,
    "joint_nonmap_goal_accuracy": 0.7860824742268041,
    "joint_nonmap_noncat_accuracy": 1.0,
    "requested_slots_f1": 0.9618827997829625,
    "requested_slots_precision": 1.0,
    "requested_slots_recall": 0.9618827997829625,
    "slot_tagging_f1": 0.8586543678784591,
    "slot_tagging_precision": 0.8602821486706457,
    "slot_tagging_recall": 0.9382799782962561
  },
  "taxi": {
    "active_intent_accuracy": 1.0,
    "average_goal_accuracy": 0.6177239583333334,
    "average_noncat_accuracy": 0.6177239583333334,
    "joint_goal_accuracy": 0.9063408532781334,
    "joint_map_goal_accuracy": 0.9475191128594682,
    "joint_map_noncat_accuracy": 0.9475191128594682,
    "joint_noncat_accuracy": 0.9063408532781334,
    "joint_nonmap_goal_accuracy": 0.9108735443950081,
    "joint_nonmap_noncat_accuracy": 0.9108735443950081,
    "requested_slots_f1": 0.9918610960390667,
    "requested_slots_precision": 1.0,
    "requested_slots_recall": 0.9918610960390667,
    "slot_tagging_f1": 0.951709169831796,
    "slot_tagging_precision": 0.9629679869777537,
    "slot_tagging_recall": 0.9556429734129137
  },
  "train": {
    "active_intent_accuracy": 1.0,
    "average_cat_accuracy": 0.7791353383458647,
    "average_goal_accuracy": 0.7953880402806065,
    "average_noncat_accuracy": 0.792932521997486,
    "joint_cat_accuracy": 0.5964460119370592,
    "joint_goal_accuracy": 0.3179265926912643,
    "joint_map_cat_accuracy": 0.6752577319587629,
    "joint_map_goal_accuracy": 0.4957191279096582,
    "joint_map_noncat_accuracy": 0.7592163055778621,
    "joint_noncat_accuracy": 0.538874707959848,
    "joint_nonmap_cat_accuracy": 0.8878187737384698,
    "joint_nonmap_goal_accuracy": 0.6734103467173087,
    "joint_nonmap_noncat_accuracy": 0.6853606690179056,
    "requested_slots_f1": 0.946825827455236,
    "requested_slots_precision": 1.0,
    "requested_slots_recall": 0.946825827455236,
    "slot_tagging_f1": 0.8373123530475675,
    "slot_tagging_precision": 0.8390531741725448,
    "slot_tagging_recall": 0.9319045035268584
  }
}