{
  "attraction-area_acc": 0.7973412913727618,
  "attraction-area_f1": 0.35934819897084047,
  "attraction-area_precision": 0.49236192714453586,
  "attraction-area_recall": 0.28291694800810263,
  "attraction-name_acc": 0.8171459576776994,
  "attraction-name_f1": 0,
  "attraction-name_precision": 0,
  "attraction-name_recall": 0,
  "attraction-type_acc": 0.8440043407487792,
  "attraction-type_f1": 0.5839363241678726,
  "attraction-type_precision": 0.6265527950310559,
  "attraction-type_recall": 0.5467479674796748,
  "hotel-area_acc": 0.773060227889311,
  "hotel-area_f1": 0.37270341207349084,
  "hotel-area_precision": 0.2679245283018868,
  "hotel-area_recall": 0.6120689655172413,
  "hotel-bookday_acc": 0.9267498643516007,
  "hotel-bookday_f1": 0.7213622291021672,
  "hotel-bookday_precision": 0.6760154738878144,
  "hotel-bookday_recall": 0.7732300884955752,
  "hotel-bookpeople_acc": 0.7440314704286489,
  "hotel-bookpeople_f1": 0.286578449905482,
  "hotel-bookpeople_precision": 0.23208818126148192,
  "hotel-bookpeople_recall": 0.37450592885375494,
  "hotel-bookstay_acc": 0.9301410743353229,
  "hotel-bookstay_f1": 0.776959722823733,
  "hotel-bookstay_precision": 0.6379800853485064,
  "hotel-bookstay_recall": 0.9933554817275747,
  "hotel-internet_acc": 0.847802495930548,
  "hotel-internet_f1": 0.007079646017699116,
  "hotel-internet_precision": 0.030303030303030304,
  "hotel-internet_recall": 0.004008016032064128,
  "hotel-name_acc": 0.765735214324471,
  "hotel-name_f1": 0.23550243470562196,
  "hotel-name_precision": 0.1487695749440716,
  "hotel-name_recall": 0.564755838641189,
  "hotel-parking_acc": 0.8510580575149214,
  "hotel-parking_f1": 0.03345070422535211,
  "hotel-parking_precision": 0.04738154613466334,
  "hotel-parking_recall": 0.02585034013605442,
  "hotel-pricerange_acc": 0.842919153553988,
  "hotel-pricerange_f1": 0.38404255319148933,
  "hotel-pricerange_precision": 0.48717948717948717,
  "hotel-pricerange_recall": 0.3169446883230904,
  "hotel-stars_acc": 0.939636462289745,
  "hotel-stars_f1": 0.81419624217119,
  "hotel-stars_precision": 0.7689274447949527,
  "hotel-stars_recall": 0.865128660159716,
  "hotel-type_acc": 0.8102278893109062,
  "hotel-type_f1": 0.22493074792243767,
  "hotel-type_precision": 0.2942028985507246,
  "hotel-type_recall": 0.18206278026905828,
  "restaurant-area_acc": 0.8107704829083017,
  "restaurant-area_f1": 0.6673026472692584,
  "restaurant-area_precision": 0.5287226001511716,
  "restaurant-area_recall": 0.9043309631544926,
  "restaurant-bookday_acc": 0.9485892566467715,
  "restaurant-bookday_f1": 0.8566023458191447,
  "restaurant-bookday_precision": 0.7764060356652949,
  "restaurant-bookday_recall": 0.9552742616033755,
  "restaurant-bookpeople_acc": 0.7947639717851329,
  "restaurant-bookpeople_f1": 0.6193710691823899,
  "restaurant-bookpeople_precision": 0.4619136960600375,
  "restaurant-bookpeople_recall": 0.9396946564885497,
  "restaurant-booktime_acc": 0.8463103635377103,
  "restaurant-booktime_f1": 0.6830769230769231,
  "restaurant-booktime_precision": 0.5209044368600683,
  "restaurant-booktime_recall": 0.991876523151909,
  "restaurant-food_acc": 0.9064026044492675,
  "restaurant-food_f1": 0.8439620081411127,
  "restaurant-food_precision": 0.7434262948207171,
  "restaurant-food_recall": 0.9759414225941423,
  "restaurant-name_acc": 0.7181226261530114,
  "restaurant-name_f1": 0.2546628407460545,
  "restaurant-name_precision": 0.1488469601677149,
  "restaurant-name_recall": 0.8808933002481389,
  "restaurant-pricerange_acc": 0.856348345089528,
  "restaurant-pricerange_f1": 0.7335849056603774,
  "restaurant-pricerange_precision": 0.586484312148029,
  "restaurant-pricerange_recall": 0.9791806581598388,
  "taxi-arriveby_acc": 0.9525230602278894,
  "taxi-arriveby_f1": 0.5218579234972678,
  "taxi-arriveby_precision": 0.3812375249500998,
  "taxi-arriveby_recall": 0.8268398268398268,
  "taxi-departure_acc": 0.9226804123711341,
  "taxi-departure_f1": 0.18803418803418803,
  "taxi-departure_precision": 0.1575178997613365,
  "taxi-departure_recall": 0.2332155477031802,
  "taxi-destination_acc": 0.9211882799782962,
  "taxi-destination_f1": 0.24250325945241202,
  "taxi-destination_precision": 0.15656565656565657,
  "taxi-destination_recall": 0.5375722543352601,
  "taxi-leaveat_acc": 0.9599837221920782,
  "taxi-leaveat_f1": 0.6651532349602722,
  "taxi-leaveat_precision": 0.5017123287671232,
  "taxi-leaveat_recall": 0.9865319865319865,
  "train-arriveby_acc": 0.8244709712425393,
  "train-arriveby_f1": 0.5680907877169559,
  "train-arriveby_precision": 0.5050445103857567,
  "train-arriveby_recall": 0.6491228070175439,
  "train-bookpeople_acc": 0.6752577319587629,
  "train-bookpeople_f1": 0.45516613563950836,
  "train-bookpeople_precision": 0.30404378230465184,
  "train-bookpeople_recall": 0.9049773755656109,
  "train-day_acc": 0.8878187737384698,
  "train-day_f1": 0.8253431890179512,
  "train-day_precision": 0.7894949494949495,
  "train-day_recall": 0.8646017699115044,
  "train-departure_acc": 0.6827183939229517,
  "train-departure_f1": 0.39357013222711956,
  "train-departure_precision": 0.254954652334565,
  "train-departure_recall": 0.8625,
  "train-destination_acc": 0.5841020075963104,
  "train-destination_f1": 0.25036674816625915,
  "train-destination_precision": 0.15435634609586976,
  "train-destination_recall": 0.6623544631306598,
  "train-leaveat_acc": 0.7803852414541509,
  "train-leaveat_f1": 0.45870946171848886,
  "train-leaveat_precision": 0.32713400095374345,
  "train-leaveat_recall": 0.767337807606264
}