{
  "#ALL_SERVICES": {
    "active_intent_accuracy": 0.13846310363537712,
    "average_cat_accuracy": 0.1599889355452386,
    "average_goal_accuracy": 0.17076098204083215,
    "average_noncat_accuracy": 0.15454383252051865,
    "joint_cat_accuracy": 0.4674669922228251,
    "joint_goal_accuracy": 0.29815518176885514,
    "joint_noncat_accuracy": 0.4540491047205643,
    "requested_slots_f1": 0.918002063255217,
    "requested_slots_precision": 0.9359627725886882,
    "requested_slots_recall": 0.9782679960209804
  },
  "#SEEN_SERVICES": {
    "active_intent_accuracy": 0.13846310363537712,
    "average_cat_accuracy": 0.1599889355452386,
    "average_goal_accuracy": 0.17076098204083215,
    "average_noncat_accuracy": 0.15454383252051865,
    "joint_cat_accuracy": 0.4674669922228251,
    "joint_goal_accuracy": 0.29815518176885514,
    "joint_noncat_accuracy": 0.4540491047205643,
    "requested_slots_f1": 0.918002063255217,
    "requested_slots_precision": 0.9359627725886882,
    "requested_slots_recall": 0.9782679960209804
  },
  "attraction": {
    "active_intent_accuracy": 0.22693977211068908,
    "average_cat_accuracy": 0.04563492063492063,
    "average_goal_accuracy": 0.03733388135361008,
    "average_noncat_accuracy": 0.017804154302670624,
    "joint_cat_accuracy": 0.39826370048833426,
    "joint_goal_accuracy": 0.21066196418882258,
    "joint_noncat_accuracy": 0.49416711882799785,
    "requested_slots_f1": 0.8829528718703976,
    "requested_slots_precision": 0.905577410019895,
    "requested_slots_recall": 0.9532239102911918
  },
  "bus": {
    "active_intent_accuracy": 0.061313076505697235,
    "joint_cat_accuracy": 0.6421595225176343,
    "joint_goal_accuracy": 0.19072164948453607,
    "joint_noncat_accuracy": 0.2786218122626153,
    "requested_slots_f1": 0.945604991861096,
    "requested_slots_precision": 0.945604991861096,
    "requested_slots_recall": 1.0
  },
  "hospital": {
    "active_intent_accuracy": 0.053038524145415086,
    "joint_goal_accuracy": 0.5686380900705371,
    "joint_noncat_accuracy": 0.5686380900705371,
    "requested_slots_f1": 0.8537710255018991,
    "requested_slots_precision": 0.8537710255018991,
    "requested_slots_recall": 1.0
  },
  "hotel": {
    "active_intent_accuracy": 0.2212425393380358,
    "average_cat_accuracy": 0.3395554550934298,
    "average_goal_accuracy": 0.29774861387110224,
    "average_noncat_accuracy": 0.05216284987277354,
    "joint_cat_accuracy": 0.3823928377645144,
    "joint_goal_accuracy": 0.19858925664677157,
    "joint_noncat_accuracy": 0.42051003798155184,
    "requested_slots_f1": 0.9556158437330439,
    "requested_slots_precision": 0.9936245252306023,
    "requested_slots_recall": 0.9613628142521251
  },
  "police": {
    "active_intent_accuracy": 0.06660336408030386,
    "joint_cat_accuracy": 0.6268312533912099,
    "joint_goal_accuracy": 0.6268312533912099,
    "joint_noncat_accuracy": 1.0,
    "requested_slots_f1": 0.9679869777536625,
    "requested_slots_precision": 0.9679869777536625,
    "requested_slots_recall": 1.0
  },
  "restaurant": {
    "active_intent_accuracy": 0.2323657080846446,
    "average_cat_accuracy": 0.14891692150866462,
    "average_goal_accuracy": 0.16577889614164465,
    "average_noncat_accuracy": 0.27020725388601036,
    "joint_cat_accuracy": 0.37384698860553445,
    "joint_goal_accuracy": 0.14962018448182313,
    "joint_noncat_accuracy": 0.3129408572978839,
    "requested_slots_f1": 0.9262517332851028,
    "requested_slots_precision": 0.9522414283130506,
    "requested_slots_recall": 0.9704286489419425
  },
  "taxi": {
    "active_intent_accuracy": 0.06511123168746609,
    "average_goal_accuracy": 0.3067708333333333,
    "average_noncat_accuracy": 0.3067708333333333,
    "joint_goal_accuracy": 0.25461204557786216,
    "joint_noncat_accuracy": 0.25461204557786216,
    "requested_slots_f1": 0.8651428829806476,
    "requested_slots_precision": 0.8690314704286489,
    "requested_slots_recall": 0.9943027672273467
  },
  "train": {
    "active_intent_accuracy": 0.18109061313076505,
    "average_cat_accuracy": 0.0975563909774436,
    "average_goal_accuracy": 0.14469902692916947,
    "average_noncat_accuracy": 0.1629813735573077,
    "joint_cat_accuracy": 0.38130765056972327,
    "joint_goal_accuracy": 0.18556701030927836,
    "joint_noncat_accuracy": 0.30290287574606617,
    "requested_slots_f1": 0.9466901790558871,
    "requested_slots_precision": 0.9998643516006511,
    "requested_slots_recall": 0.946825827455236
  }
}