Service,active_intent_accuracy,requested_slots_f1,requested_slots_precision,requested_slots_recall,average_goal_accuracy,average_noncat_accuracy,joint_goal_accuracy,joint_cat_accuracy,joint_noncat_accuracy,average_cat_accuracy
#ALL_SERVICES,0.18572563610642792,0.9591948788507128,0.9846036083173458,0.9741326408671332,0.21531528093705074,0.2976697175415202,0.010345903418339665,0.09766684753119913,0.1527211068909387,0.14923237188959157
#SEEN_SERVICES,0.18572563610642792,0.9591948788507128,0.9846036083173458,0.9741326408671332,0.21531528093705074,0.2976697175415202,0.010345903418339665,0.09766684753119913,0.1527211068909387,0.14923237188959157
attraction,0.21568095496473141,0.9368556701030928,0.9971513836136734,0.9387321396274192,0.0728407224958949,0.16654074074074074,0.2075366928920239,0.4599837221920781,0.43135747422680415,0.03222607833415964
bus,0.061720021703743896,0.9918610960390667,0.9918610960390667,1.0,,,0.543407487791644,0.543407487791644,,
hospital,0.051410743353228434,0.9290558871405318,0.9290558871405318,1.0,,,0.6311720021703744,,0.6311720021703744,
hotel,0.26807760141093473,0.9658119658119658,0.9990503323836657,0.9666259666259667,0.3296764554353426,0.35600855310049895,0.22133951973951974,0.42070275403608737,0.4953554198887532,0.29622865179827207
restaurant,0.26926207270754204,0.9489735937782601,0.9794492674986435,0.9675574244890577,0.188483440091365,0.3443171236420073,0.15214507596310364,0.36163863266413454,0.36408697001220836,0.15014000254550083
taxi,0.1287303309820944,0.9886055344546935,0.9956592512208355,0.9928106348345089,0.25750129802699895,0.25750129802699895,0.3294177817578042,,0.3294177817578042,
train,0.3052088985349973,0.9532013022246337,1.0,0.9532013022246337,0.24962480225988704,0.308211799612005,0.209171616398535,0.37344004340748777,0.37333185058788704,0.10612321562734786
