{
  "attraction-area_acc": 0.5717580032555616,
  "attraction-area_f1": 0.05052631578947369,
  "attraction-area_precision": 0.04338842975206612,
  "attraction-area_recall": 0.06047516198704104,
  "attraction-name_acc": 0.4156266956049919,
  "attraction-name_f1": 0.0032392410920869964,
  "attraction-name_precision": 0.0019251925192519251,
  "attraction-name_recall": 0.01020408163265306,
  "attraction-type_acc": 0.5286218122626153,
  "attraction-type_f1": 0.006291106662853875,
  "attraction-type_precision": 0.004776378636561007,
  "attraction-type_recall": 0.009212730318257957,
  "hotel-area_acc": 0.5825532492199159,
  "hotel-area_f1": 0.024722662440570524,
  "hotel-area_precision": 0.014965464313123561,
  "hotel-area_recall": 0.07103825136612021,
  "hotel-bookday_acc": 0.5972052638719305,
  "hotel-bookday_f1": 0.024958949096880133,
  "hotel-bookday_precision": 0.015157558835261268,
  "hotel-bookday_recall": 0.07063197026022305,
  "hotel-bookpeople_acc": 0.6904083570750238,
  "hotel-bookpeople_f1": 0.22539035980991176,
  "hotel-bookpeople_precision": 0.1500225937641211,
  "hotel-bookpeople_recall": 0.4529331514324693,
  "hotel-bookstay_acc": 0.5695292361959029,
  "hotel-bookstay_f1": 0.07734806629834255,
  "hotel-bookstay_precision": 0.04589371980676329,
  "hotel-bookstay_recall": 0.24584103512014788,
  "hotel-internet_acc": 0.680640347307014,
  "hotel-internet_f1": 0.3439241917502787,
  "hotel-internet_precision": 0.24320063066614112,
  "hotel-internet_recall": 0.5870599429115129,
  "hotel-name_acc": 0.44783611450278116,
  "hotel-name_f1": 0.026315789473684213,
  "hotel-name_precision": 0.015471167369901548,
  "hotel-name_recall": 0.088,
  "hotel-parking_acc": 0.7218830552163885,
  "hotel-parking_f1": 0.3050847457627119,
  "hotel-parking_precision": 0.2304147465437788,
  "hotel-parking_recall": 0.45135406218655966,
  "hotel-pricerange_acc": 0.6727716727716728,
  "hotel-pricerange_f1": 0.2504661280298322,
  "hotel-pricerange_precision": 0.171343537414966,
  "hotel-pricerange_recall": 0.4653579676674365,
  "hotel-stars_acc": 0.7388414055080722,
  "hotel-stars_f1": 0.41542666261767386,
  "hotel-stars_precision": 0.2820618556701031,
  "hotel-stars_recall": 0.7880184331797235,
  "hotel-type_acc": 0.6029032695699362,
  "hotel-type_f1": 0.21884174005871362,
  "hotel-type_precision": 0.14099037138927098,
  "hotel-type_recall": 0.48867699642431467,
  "restaurant-area_acc": 0.5969886055344547,
  "restaurant-area_f1": 0.09942406789936345,
  "restaurant-area_precision": 0.08756006406833956,
  "restaurant-area_recall": 0.1150070126227209,
  "restaurant-bookday_acc": 0.6269669017905589,
  "restaurant-bookday_f1": 0.03576437587657784,
  "restaurant-bookday_precision": 0.02598064187468161,
  "restaurant-bookday_recall": 0.05736782902137233,
  "restaurant-bookpeople_acc": 0.672816060770483,
  "restaurant-bookpeople_f1": 0.40237859266600595,
  "restaurant-bookpeople_precision": 0.2713903743315508,
  "restaurant-bookpeople_recall": 0.7777777777777778,
  "restaurant-booktime_acc": 0.4864351600651112,
  "restaurant-booktime_f1": 0.22797716150081565,
  "restaurant-booktime_precision": 0.13476374156219864,
  "restaurant-booktime_recall": 0.7394179894179894,
  "restaurant-food_acc": 0.5028486163863266,
  "restaurant-food_f1": 0.007044161473855323,
  "restaurant-food_precision": 0.005162827640984908,
  "restaurant-food_recall": 0.011082693947144074,
  "restaurant-name_acc": 0.512072707542051,
  "restaurant-name_f1": 0.014790468364831553,
  "restaurant-name_precision": 0.010273972602739725,
  "restaurant-name_recall": 0.026392961876832845,
  "restaurant-pricerange_acc": 0.6214053174172545,
  "restaurant-pricerange_f1": 0.20279920022850614,
  "restaurant-pricerange_precision": 0.16705882352941176,
  "restaurant-pricerange_recall": 0.25799418604651164,
  "taxi-arriveby_acc": 0.39948453608247425,
  "taxi-arriveby_f1": 0.019056060270330157,
  "taxi-arriveby_precision": 0.00970216606498195,
  "taxi-arriveby_recall": 0.5308641975308642,
  "taxi-departure_acc": 0.37059142702116116,
  "taxi-departure_f1": 0.00684931506849315,
  "taxi-departure_precision": 0.0035610950367237926,
  "taxi-departure_recall": 0.0893854748603352,
  "taxi-destination_acc": 0.44438415626695604,
  "taxi-destination_f1": 0.015384615384615384,
  "taxi-destination_precision": 0.008200922603792926,
  "taxi-destination_recall": 0.12403100775193798,
  "taxi-leaveat_acc": 0.46975040694519804,
  "taxi-leaveat_f1": 0.007616146230007614,
  "taxi-leaveat_precision": 0.004025764895330112,
  "taxi-leaveat_recall": 0.07042253521126761,
  "train-arriveby_acc": 0.5351329354313619,
  "train-arriveby_f1": 0.001747742499271774,
  "train-arriveby_precision": 0.0009514747859181732,
  "train-arriveby_recall": 0.010714285714285714,
  "train-bookpeople_acc": 0.6998100922409115,
  "train-bookpeople_f1": 0.2949984071360306,
  "train-bookpeople_precision": 0.2162540868752919,
  "train-bookpeople_recall": 0.46392785571142287,
  "train-day_acc": 0.41237113402061853,
  "train-day_f1": 0.0291349170775437,
  "train-day_precision": 0.026859504132231406,
  "train-day_recall": 0.031831537708129284,
  "train-departure_acc": 0.5533098209441129,
  "train-departure_f1": 0.047439976858547867,
  "train-departure_precision": 0.03315810756166599,
  "train-departure_recall": 0.08333333333333333,
  "train-destination_acc": 0.5202116115029842,
  "train-destination_f1": 0.16521123436393675,
  "train-destination_precision": 0.11352578657152125,
  "train-destination_recall": 0.30329289428076256,
  "train-leaveat_acc": 0.5278079218665219,
  "train-leaveat_f1": 0.044993141289437585,
  "train-leaveat_precision": 0.024203069657615112,
  "train-leaveat_recall": 0.31906614785992216
}