{
  "#ALL_SERVICES": {
    "active_intent_accuracy": 1.0,
    "average_cat_accuracy": 0.6170558846751966,
    "average_goal_accuracy": 0.6088326821025313,
    "average_noncat_accuracy": 0.6585422348484848,
    "joint_cat_accuracy": 0.16033640803038524,
    "joint_goal_accuracy": 0.08012575963103637,
    "joint_map_cat_accuracy": 0.3054801953336951,
    "joint_map_goal_accuracy": 0.21118788659793813,
    "joint_map_noncat_accuracy": 0.5039504179327184,
    "joint_noncat_accuracy": 0.31726769058600107,
    "joint_nonmap_cat_accuracy": 0.32664134563212155,
    "joint_nonmap_goal_accuracy": 0.21289142702116115,
    "joint_nonmap_noncat_accuracy": 0.6072321758003256,
    "requested_slots_f1": 0.974023331524688,
    "requested_slots_precision": 1.0,
    "requested_slots_recall": 0.974023331524688,
    "slot_tagging_f1": 0.9544899620184482,
    "slot_tagging_precision": 0.9589663591969615,
    "slot_tagging_recall": 0.9670204829083017
  },
  "#SEEN_SERVICES": {
    "active_intent_accuracy": 1.0,
    "average_cat_accuracy": 0.6170558846751966,
    "average_goal_accuracy": 0.6088326821025313,
    "average_noncat_accuracy": 0.6585422348484848,
    "joint_cat_accuracy": 0.16033640803038524,
    "joint_goal_accuracy": 0.08012575963103637,
    "joint_map_cat_accuracy": 0.3054801953336951,
    "joint_map_goal_accuracy": 0.21118788659793813,
    "joint_map_noncat_accuracy": 0.5039504179327184,
    "joint_noncat_accuracy": 0.31726769058600107,
    "joint_nonmap_cat_accuracy": 0.32664134563212155,
    "joint_nonmap_goal_accuracy": 0.21289142702116115,
    "joint_nonmap_noncat_accuracy": 0.6072321758003256,
    "requested_slots_f1": 0.974023331524688,
    "requested_slots_precision": 1.0,
    "requested_slots_recall": 0.974023331524688,
    "slot_tagging_f1": 0.9544899620184482,
    "slot_tagging_precision": 0.9589663591969615,
    "slot_tagging_recall": 0.9670204829083017
  },
  "attraction": {
    "active_intent_accuracy": 1.0,
    "average_cat_accuracy": 0.3819444444444444,
    "average_goal_accuracy": 0.26558432662008497,
    "average_noncat_accuracy": 0.0,
    "joint_cat_accuracy": 0.7406402604449267,
    "joint_goal_accuracy": 0.6893651654910472,
    "joint_map_cat_accuracy": 0.8440043407487792,
    "joint_map_goal_accuracy": 0.7414541508410201,
    "joint_map_noncat_accuracy": 0.8171459576776994,
    "joint_noncat_accuracy": 0.8171459576776994,
    "joint_nonmap_cat_accuracy": 0.7973412913727618,
    "joint_nonmap_goal_accuracy": 0.7973412913727618,
    "joint_nonmap_noncat_accuracy": 1.0,
    "requested_slots_f1": 0.9305480195333695,
    "requested_slots_precision": 1.0,
    "requested_slots_recall": 0.9305480195333695,
    "slot_tagging_f1": 0.9820944112859469,
    "slot_tagging_precision": 1.0,
    "slot_tagging_recall": 0.9820944112859469
  },
  "bus": {
    "active_intent_accuracy": 1.0,
    "joint_cat_accuracy": 1.0,
    "joint_goal_accuracy": 1.0,
    "joint_noncat_accuracy": 1.0,
    "joint_nonmap_cat_accuracy": 1.0,
    "joint_nonmap_goal_accuracy": 1.0,
    "joint_nonmap_noncat_accuracy": 1.0,
    "requested_slots_f1": 1.0,
    "requested_slots_precision": 1.0,
    "requested_slots_recall": 1.0,
    "slot_tagging_f1": 1.0,
    "slot_tagging_precision": 1.0,
    "slot_tagging_recall": 1.0
  },
  "hospital": {
    "active_intent_accuracy": 1.0,
    "joint_goal_accuracy": 1.0,
    "joint_noncat_accuracy": 1.0,
    "joint_nonmap_goal_accuracy": 1.0,
    "joint_nonmap_noncat_accuracy": 1.0,
    "requested_slots_f1": 1.0,
    "requested_slots_precision": 1.0,
    "requested_slots_recall": 1.0,
    "slot_tagging_f1": 1.0,
    "slot_tagging_precision": 1.0,
    "slot_tagging_recall": 1.0
  },
  "hotel": {
    "active_intent_accuracy": 1.0,
    "average_cat_accuracy": 0.38423665528095907,
    "average_goal_accuracy": 0.4604105778194843,
    "average_noncat_accuracy": 0.7870165394402036,
    "joint_cat_accuracy": 0.5031199131850245,
    "joint_goal_accuracy": 0.499413958220293,
    "joint_map_cat_accuracy": 0.6819045035268584,
    "joint_map_goal_accuracy": 0.6271665626695606,
    "joint_map_noncat_accuracy": 0.8901239962018448,
    "joint_noncat_accuracy": 0.8901239962018448,
    "joint_nonmap_cat_accuracy": 0.6603364080303853,
    "joint_nonmap_goal_accuracy": 0.6603364080303853,
    "joint_nonmap_noncat_accuracy": 1.0,
    "requested_slots_f1": 0.9610689093868693,
    "requested_slots_precision": 1.0,
    "requested_slots_recall": 0.9610689093868693,
    "slot_tagging_f1": 0.9713781877373847,
    "slot_tagging_precision": 0.9742268041237113,
    "slot_tagging_recall": 0.9801953336950624
  },
  "police": {
    "active_intent_accuracy": 1.0,
    "joint_cat_accuracy": 1.0,
    "joint_goal_accuracy": 1.0,
    "joint_noncat_accuracy": 1.0,
    "joint_nonmap_cat_accuracy": 1.0,
    "joint_nonmap_goal_accuracy": 1.0,
    "joint_nonmap_noncat_accuracy": 1.0,
    "requested_slots_f1": 1.0,
    "requested_slots_precision": 1.0,
    "requested_slots_recall": 1.0,
    "slot_tagging_f1": 1.0,
    "slot_tagging_precision": 1.0,
    "slot_tagging_recall": 1.0
  },
  "restaurant": {
    "active_intent_accuracy": 1.0,
    "average_cat_accuracy": 0.7753903729513485,
    "average_goal_accuracy": 0.8433848223628482,
    "average_noncat_accuracy": 0.9231638208364266,
    "joint_cat_accuracy": 0.5602278893109062,
    "joint_goal_accuracy": 0.4782685155317417,
    "joint_map_cat_accuracy": 0.6755290287574607,
    "joint_map_goal_accuracy": 0.5378526926383614,
    "joint_map_noncat_accuracy": 0.6858247545276179,
    "joint_noncat_accuracy": 0.6858247545276179,
    "joint_nonmap_cat_accuracy": 0.7860824742268041,
    "joint_nonmap_goal_accuracy": 0.7860824742268041,
    "joint_nonmap_noncat_accuracy": 1.0,
    "requested_slots_f1": 0.9618827997829625,
    "requested_slots_precision": 1.0,
    "requested_slots_recall": 0.9618827997829625,
    "slot_tagging_f1": 0.8095496473141617,
    "slot_tagging_precision": 0.8109061313076505,
    "slot_tagging_recall": 0.8863266413456321
  },
  "taxi": {
    "active_intent_accuracy": 1.0,
    "average_goal_accuracy": 0.6177239583333334,
    "average_noncat_accuracy": 0.6177239583333334,
    "joint_goal_accuracy": 0.9063408532781334,
    "joint_map_goal_accuracy": 0.9475191128594682,
    "joint_map_noncat_accuracy": 0.9475191128594682,
    "joint_noncat_accuracy": 0.9063408532781334,
    "joint_nonmap_goal_accuracy": 0.9108735443950081,
    "joint_nonmap_noncat_accuracy": 0.9108735443950081,
    "requested_slots_f1": 0.9918610960390667,
    "requested_slots_precision": 1.0,
    "requested_slots_recall": 0.9918610960390667,
    "slot_tagging_f1": 0.951709169831796,
    "slot_tagging_precision": 0.9629679869777537,
    "slot_tagging_recall": 0.9556429734129137
  },
  "train": {
    "active_intent_accuracy": 1.0,
    "average_cat_accuracy": 0.826705189213687,
    "average_goal_accuracy": 0.7925014709210229,
    "average_noncat_accuracy": 0.6581441476826395,
    "joint_cat_accuracy": 0.4503526858383071,
    "joint_goal_accuracy": 0.31955568475311996,
    "joint_map_cat_accuracy": 0.5017634291915355,
    "joint_map_goal_accuracy": 0.5017634291915355,
    "joint_noncat_accuracy": 0.6853606690179056,
    "joint_nonmap_cat_accuracy": 0.8878187737384698,
    "joint_nonmap_goal_accuracy": 0.6734103467173087,
    "joint_nonmap_noncat_accuracy": 0.6853606690179056,
    "requested_slots_f1": 0.946825827455236,
    "requested_slots_precision": 1.0,
    "requested_slots_recall": 0.946825827455236,
    "slot_tagging_f1": 0.9211882799782962,
    "slot_tagging_precision": 0.9236299511665762,
    "slot_tagging_recall": 0.9319045035268584
  }
}