{
  "#ALL_SERVICES": {
    "active_intent_accuracy": 1.0,
    "average_cat_accuracy": 0.6170558846751966,
    "average_goal_accuracy": 0.5061664259568216,
    "average_noncat_accuracy": 0.35659090909090907,
    "joint_cat_accuracy": 0.16033640803038524,
    "joint_goal_accuracy": 0.061041779706999456,
    "joint_map_cat_accuracy": 0.3054801953336951,
    "joint_map_goal_accuracy": 0.17552902875746065,
    "joint_map_noncat_accuracy": 0.33857840477482365,
    "joint_noncat_accuracy": 0.1958762886597938,
    "joint_nonmap_cat_accuracy": 0.32664134563212155,
    "joint_nonmap_goal_accuracy": 0.20618556701030927,
    "joint_nonmap_noncat_accuracy": 0.5918339663591969,
    "requested_slots_f1": 0.974023331524688,
    "requested_slots_precision": 1.0,
    "requested_slots_recall": 0.974023331524688,
    "slot_tagging_f1": 0.9544899620184482,
    "slot_tagging_precision": 0.9589663591969615,
    "slot_tagging_recall": 0.9670204829083017
  },
  "#SEEN_SERVICES": {
    "active_intent_accuracy": 1.0,
    "average_cat_accuracy": 0.6170558846751966,
    "average_goal_accuracy": 0.5061664259568216,
    "average_noncat_accuracy": 0.35659090909090907,
    "joint_cat_accuracy": 0.16033640803038524,
    "joint_goal_accuracy": 0.061041779706999456,
    "joint_map_cat_accuracy": 0.3054801953336951,
    "joint_map_goal_accuracy": 0.17552902875746065,
    "joint_map_noncat_accuracy": 0.33857840477482365,
    "joint_noncat_accuracy": 0.1958762886597938,
    "joint_nonmap_cat_accuracy": 0.32664134563212155,
    "joint_nonmap_goal_accuracy": 0.20618556701030927,
    "joint_nonmap_noncat_accuracy": 0.5918339663591969,
    "requested_slots_f1": 0.974023331524688,
    "requested_slots_precision": 1.0,
    "requested_slots_recall": 0.974023331524688,
    "slot_tagging_f1": 0.9544899620184482,
    "slot_tagging_precision": 0.9589663591969615,
    "slot_tagging_recall": 0.9670204829083017
  },
  "attraction": {
    "active_intent_accuracy": 1.0,
    "average_cat_accuracy": 0.3819444444444444,
    "average_goal_accuracy": 0.26558432662008497,
    "average_noncat_accuracy": 0.0,
    "joint_cat_accuracy": 0.7406402604449267,
    "joint_goal_accuracy": 0.6893651654910472,
    "joint_map_cat_accuracy": 0.8440043407487792,
    "joint_map_goal_accuracy": 0.7414541508410201,
    "joint_map_noncat_accuracy": 0.8171459576776994,
    "joint_noncat_accuracy": 0.8171459576776994,
    "joint_nonmap_cat_accuracy": 0.7973412913727618,
    "joint_nonmap_goal_accuracy": 0.7973412913727618,
    "joint_nonmap_noncat_accuracy": 1.0,
    "requested_slots_f1": 0.9305480195333695,
    "requested_slots_precision": 1.0,
    "requested_slots_recall": 0.9305480195333695,
    "slot_tagging_f1": 0.9820944112859469,
    "slot_tagging_precision": 1.0,
    "slot_tagging_recall": 0.9820944112859469
  },
  "bus": {
    "active_intent_accuracy": 1.0,
    "joint_cat_accuracy": 1.0,
    "joint_goal_accuracy": 1.0,
    "joint_noncat_accuracy": 1.0,
    "joint_nonmap_cat_accuracy": 1.0,
    "joint_nonmap_goal_accuracy": 1.0,
    "joint_nonmap_noncat_accuracy": 1.0,
    "requested_slots_f1": 1.0,
    "requested_slots_precision": 1.0,
    "requested_slots_recall": 1.0,
    "slot_tagging_f1": 1.0,
    "slot_tagging_precision": 1.0,
    "slot_tagging_recall": 1.0
  },
  "hospital": {
    "active_intent_accuracy": 1.0,
    "joint_goal_accuracy": 1.0,
    "joint_noncat_accuracy": 1.0,
    "joint_nonmap_goal_accuracy": 1.0,
    "joint_nonmap_noncat_accuracy": 1.0,
    "requested_slots_f1": 1.0,
    "requested_slots_precision": 1.0,
    "requested_slots_recall": 1.0,
    "slot_tagging_f1": 1.0,
    "slot_tagging_precision": 1.0,
    "slot_tagging_recall": 1.0
  },
  "hotel": {
    "active_intent_accuracy": 1.0,
    "average_cat_accuracy": 0.38423665528095907,
    "average_goal_accuracy": 0.3487593839699713,
    "average_noncat_accuracy": 0.1692111959287532,
    "joint_cat_accuracy": 0.5031199131850245,
    "joint_goal_accuracy": 0.49498100922409116,
    "joint_map_cat_accuracy": 0.6819045035268584,
    "joint_map_goal_accuracy": 0.579625610417797,
    "joint_map_noncat_accuracy": 0.765735214324471,
    "joint_noncat_accuracy": 0.765735214324471,
    "joint_nonmap_cat_accuracy": 0.6603364080303853,
    "joint_nonmap_goal_accuracy": 0.6603364080303853,
    "joint_nonmap_noncat_accuracy": 1.0,
    "requested_slots_f1": 0.9610689093868693,
    "requested_slots_precision": 1.0,
    "requested_slots_recall": 0.9610689093868693,
    "slot_tagging_f1": 0.9713781877373847,
    "slot_tagging_precision": 0.9742268041237113,
    "slot_tagging_recall": 0.9801953336950624
  },
  "police": {
    "active_intent_accuracy": 1.0,
    "joint_cat_accuracy": 1.0,
    "joint_goal_accuracy": 1.0,
    "joint_noncat_accuracy": 1.0,
    "joint_nonmap_cat_accuracy": 1.0,
    "joint_nonmap_goal_accuracy": 1.0,
    "joint_nonmap_noncat_accuracy": 1.0,
    "requested_slots_f1": 1.0,
    "requested_slots_precision": 1.0,
    "requested_slots_recall": 1.0,
    "slot_tagging_f1": 1.0,
    "slot_tagging_precision": 1.0,
    "slot_tagging_recall": 1.0
  },
  "restaurant": {
    "active_intent_accuracy": 1.0,
    "average_cat_accuracy": 0.7753903729513485,
    "average_goal_accuracy": 0.6063007623698241,
    "average_noncat_accuracy": 0.4391858450878496,
    "joint_cat_accuracy": 0.5602278893109062,
    "joint_goal_accuracy": 0.42417254476397176,
    "joint_map_cat_accuracy": 0.6755290287574607,
    "joint_map_goal_accuracy": 0.43841562669560497,
    "joint_map_noncat_accuracy": 0.5318773738469886,
    "joint_noncat_accuracy": 0.5318773738469886,
    "joint_nonmap_cat_accuracy": 0.7860824742268041,
    "joint_nonmap_goal_accuracy": 0.7860824742268041,
    "joint_nonmap_noncat_accuracy": 1.0,
    "requested_slots_f1": 0.9618827997829625,
    "requested_slots_precision": 1.0,
    "requested_slots_recall": 0.9618827997829625,
    "slot_tagging_f1": 0.8095496473141617,
    "slot_tagging_precision": 0.8109061313076505,
    "slot_tagging_recall": 0.8863266413456321
  },
  "taxi": {
    "active_intent_accuracy": 1.0,
    "average_goal_accuracy": 0.38255208333333335,
    "average_noncat_accuracy": 0.38255208333333335,
    "joint_goal_accuracy": 0.904639175257732,
    "joint_map_goal_accuracy": 0.9211882799782962,
    "joint_map_noncat_accuracy": 0.9211882799782962,
    "joint_noncat_accuracy": 0.904639175257732,
    "joint_nonmap_goal_accuracy": 0.9088442756375474,
    "joint_nonmap_noncat_accuracy": 0.9088442756375474,
    "requested_slots_f1": 0.9918610960390667,
    "requested_slots_precision": 1.0,
    "requested_slots_recall": 0.9918610960390667,
    "slot_tagging_f1": 0.951709169831796,
    "slot_tagging_precision": 0.9629679869777537,
    "slot_tagging_recall": 0.9556429734129137
  },
  "train": {
    "active_intent_accuracy": 1.0,
    "average_cat_accuracy": 0.826705189213687,
    "average_goal_accuracy": 0.7725390359809912,
    "average_noncat_accuracy": 0.5671641791044776,
    "joint_cat_accuracy": 0.4503526858383071,
    "joint_goal_accuracy": 0.31592512208355944,
    "joint_map_cat_accuracy": 0.5017634291915355,
    "joint_map_goal_accuracy": 0.5017634291915355,
    "joint_noncat_accuracy": 0.6781063483450895,
    "joint_nonmap_cat_accuracy": 0.8878187737384698,
    "joint_nonmap_goal_accuracy": 0.667932718393923,
    "joint_nonmap_noncat_accuracy": 0.6781063483450895,
    "requested_slots_f1": 0.946825827455236,
    "requested_slots_precision": 1.0,
    "requested_slots_recall": 0.946825827455236,
    "slot_tagging_f1": 0.9211882799782962,
    "slot_tagging_precision": 0.9236299511665762,
    "slot_tagging_recall": 0.9319045035268584
  }
}