{
  "#ALL_SERVICES": {
    "active_intent_accuracy": 1.0,
    "average_cat_accuracy": 0.5598465022523188,
    "average_goal_accuracy": 0.4503151016376569,
    "average_noncat_accuracy": 0.31663098211807617,
    "joint_cat_accuracy": 0.8168520528124434,
    "joint_goal_accuracy": 0.8080575149213239,
    "joint_noncat_accuracy": 0.8460729788388497,
    "requested_slots_f1": 0.974023331524688,
    "requested_slots_precision": 1.0,
    "requested_slots_recall": 0.974023331524688,
    "slot_tagging_f1": 0.9561799149936698,
    "slot_tagging_precision": 0.9593309142702117,
    "slot_tagging_recall": 0.9735146500271297
  },
  "#SEEN_SERVICES": {
    "active_intent_accuracy": 1.0,
    "average_cat_accuracy": 0.5598465022523188,
    "average_goal_accuracy": 0.4503151016376569,
    "average_noncat_accuracy": 0.31663098211807617,
    "joint_cat_accuracy": 0.8168520528124434,
    "joint_goal_accuracy": 0.8080575149213239,
    "joint_noncat_accuracy": 0.8460729788388497,
    "requested_slots_f1": 0.974023331524688,
    "requested_slots_precision": 1.0,
    "requested_slots_recall": 0.974023331524688,
    "slot_tagging_f1": 0.9561799149936698,
    "slot_tagging_precision": 0.9593309142702117,
    "slot_tagging_recall": 0.9735146500271297
  },
  "attraction": {
    "active_intent_accuracy": 1.0,
    "average_cat_accuracy": 0.3501984126984127,
    "average_goal_accuracy": 0.2995615837785998,
    "average_noncat_accuracy": 0.15578635014836795,
    "joint_cat_accuracy": 0.75,
    "joint_goal_accuracy": 0.6805480195333695,
    "joint_noncat_accuracy": 0.773060227889311,
    "requested_slots_f1": 0.9305480195333695,
    "requested_slots_precision": 1.0,
    "requested_slots_recall": 0.9305480195333695,
    "slot_tagging_f1": 0.960119370591427,
    "slot_tagging_precision": 0.9660879001627781,
    "slot_tagging_recall": 0.9820944112859469
  },
  "bus": {
    "active_intent_accuracy": 1.0,
    "joint_cat_accuracy": 1.0,
    "joint_goal_accuracy": 1.0,
    "joint_noncat_accuracy": 1.0,
    "requested_slots_f1": 1.0,
    "requested_slots_precision": 1.0,
    "requested_slots_recall": 1.0,
    "slot_tagging_f1": 1.0,
    "slot_tagging_precision": 1.0,
    "slot_tagging_recall": 1.0
  },
  "hospital": {
    "active_intent_accuracy": 1.0,
    "joint_goal_accuracy": 1.0,
    "joint_noncat_accuracy": 1.0,
    "requested_slots_f1": 1.0,
    "requested_slots_precision": 1.0,
    "requested_slots_recall": 1.0,
    "slot_tagging_f1": 1.0,
    "slot_tagging_precision": 1.0,
    "slot_tagging_recall": 1.0
  },
  "hotel": {
    "active_intent_accuracy": 1.0,
    "average_cat_accuracy": 0.403320775567611,
    "average_goal_accuracy": 0.36341217708103335,
    "average_noncat_accuracy": 0.1717557251908397,
    "joint_cat_accuracy": 0.6530113944655453,
    "joint_goal_accuracy": 0.6418882257189366,
    "joint_noncat_accuracy": 0.7668204015192621,
    "requested_slots_f1": 0.9610689093868693,
    "requested_slots_precision": 1.0,
    "requested_slots_recall": 0.9610689093868693,
    "slot_tagging_f1": 0.9715138361367336,
    "slot_tagging_precision": 0.9743624525230602,
    "slot_tagging_recall": 0.9801953336950624
  },
  "police": {
    "active_intent_accuracy": 1.0,
    "joint_cat_accuracy": 1.0,
    "joint_goal_accuracy": 1.0,
    "joint_noncat_accuracy": 1.0,
    "requested_slots_f1": 1.0,
    "requested_slots_precision": 1.0,
    "requested_slots_recall": 1.0,
    "slot_tagging_f1": 1.0,
    "slot_tagging_precision": 1.0,
    "slot_tagging_recall": 1.0
  },
  "restaurant": {
    "active_intent_accuracy": 1.0,
    "average_cat_accuracy": 0.7793832823649337,
    "average_goal_accuracy": 0.682544388526251,
    "average_noncat_accuracy": 0.47590673575129533,
    "joint_cat_accuracy": 0.6857026587086272,
    "joint_goal_accuracy": 0.6253391209983722,
    "joint_noncat_accuracy": 0.7093054801953337,
    "requested_slots_f1": 0.9618827997829625,
    "requested_slots_precision": 1.0,
    "requested_slots_recall": 0.9618827997829625,
    "slot_tagging_f1": 0.9051817688551275,
    "slot_tagging_precision": 0.9074877916440586,
    "slot_tagging_recall": 0.9382799782962561
  },
  "taxi": {
    "active_intent_accuracy": 1.0,
    "average_goal_accuracy": 0.3833333333333333,
    "average_noncat_accuracy": 0.3833333333333333,
    "joint_goal_accuracy": 0.9072164948453608,
    "joint_noncat_accuracy": 0.9072164948453608,
    "requested_slots_f1": 0.9918610960390667,
    "requested_slots_precision": 1.0,
    "requested_slots_recall": 0.9918610960390667,
    "slot_tagging_f1": 0.9522517634291915,
    "slot_tagging_precision": 0.9644601193705914,
    "slot_tagging_recall": 0.9556429734129137
  },
  "train": {
    "active_intent_accuracy": 1.0,
    "average_cat_accuracy": 0.6422932330827068,
    "average_goal_accuracy": 0.43970921022855847,
    "average_noncat_accuracy": 0.3490172551708376,
    "joint_cat_accuracy": 0.8123982637004883,
    "joint_goal_accuracy": 0.6094682582745523,
    "joint_noncat_accuracy": 0.6121812262615302,
    "requested_slots_f1": 0.946825827455236,
    "requested_slots_precision": 1.0,
    "requested_slots_recall": 0.946825827455236,
    "slot_tagging_f1": 0.8603725809368782,
    "slot_tagging_precision": 0.8622490504612046,
    "slot_tagging_recall": 0.9319045035268584
  }
}