{
  "#ALL_SERVICES": {
    "active_intent_accuracy": 1.0,
    "average_cat_accuracy": 0.5598465022523188,
    "average_goal_accuracy": 0.6171111076526363,
    "average_noncat_accuracy": 0.7516691447603187,
    "joint_cat_accuracy": 0.22042864894194247,
    "joint_goal_accuracy": 0.10792707325013565,
    "joint_noncat_accuracy": 0.3776947618014107,
    "requested_slots_f1": 0.974023331524688,
    "requested_slots_precision": 1.0,
    "requested_slots_recall": 0.974023331524688,
    "slot_tagging_f1": 0.9561799149936698,
    "slot_tagging_precision": 0.9593309142702117,
    "slot_tagging_recall": 0.9735146500271297
  },
  "#SEEN_SERVICES": {
    "active_intent_accuracy": 1.0,
    "average_cat_accuracy": 0.5598465022523188,
    "average_goal_accuracy": 0.6171111076526363,
    "average_noncat_accuracy": 0.7516691447603187,
    "joint_cat_accuracy": 0.22042864894194247,
    "joint_goal_accuracy": 0.10792707325013565,
    "joint_noncat_accuracy": 0.3776947618014107,
    "requested_slots_f1": 0.974023331524688,
    "requested_slots_precision": 1.0,
    "requested_slots_recall": 0.974023331524688,
    "slot_tagging_f1": 0.9561799149936698,
    "slot_tagging_precision": 0.9593309142702117,
    "slot_tagging_recall": 0.9735146500271297
  },
  "attraction": {
    "active_intent_accuracy": 1.0,
    "average_cat_accuracy": 0.3501984126984127,
    "average_goal_accuracy": 0.4344862309905467,
    "average_noncat_accuracy": 0.5845845697329377,
    "joint_cat_accuracy": 0.75,
    "joint_goal_accuracy": 0.703068950081389,
    "joint_noncat_accuracy": 0.847575827455236,
    "requested_slots_f1": 0.9305480195333695,
    "requested_slots_precision": 1.0,
    "requested_slots_recall": 0.9305480195333695,
    "slot_tagging_f1": 0.960119370591427,
    "slot_tagging_precision": 0.9660879001627781,
    "slot_tagging_recall": 0.9820944112859469
  },
  "bus": {
    "active_intent_accuracy": 1.0,
    "joint_cat_accuracy": 1.0,
    "joint_goal_accuracy": 1.0,
    "joint_noncat_accuracy": 1.0,
    "requested_slots_f1": 1.0,
    "requested_slots_precision": 1.0,
    "requested_slots_recall": 1.0,
    "slot_tagging_f1": 1.0,
    "slot_tagging_precision": 1.0,
    "slot_tagging_recall": 1.0
  },
  "hospital": {
    "active_intent_accuracy": 1.0,
    "joint_goal_accuracy": 1.0,
    "joint_noncat_accuracy": 1.0,
    "requested_slots_f1": 1.0,
    "requested_slots_precision": 1.0,
    "requested_slots_recall": 1.0,
    "slot_tagging_f1": 1.0,
    "slot_tagging_precision": 1.0,
    "slot_tagging_recall": 1.0
  },
  "hotel": {
    "active_intent_accuracy": 1.0,
    "average_cat_accuracy": 0.403320775567611,
    "average_goal_accuracy": 0.47525908650425647,
    "average_noncat_accuracy": 0.79,
    "joint_cat_accuracy": 0.6530113944655453,
    "joint_goal_accuracy": 0.6481609061313077,
    "joint_noncat_accuracy": 0.891498317959848,
    "requested_slots_f1": 0.9610689093868693,
    "requested_slots_precision": 1.0,
    "requested_slots_recall": 0.9610689093868693,
    "slot_tagging_f1": 0.9715138361367336,
    "slot_tagging_precision": 0.9743624525230602,
    "slot_tagging_recall": 0.9801953336950624
  },
  "police": {
    "active_intent_accuracy": 1.0,
    "joint_cat_accuracy": 1.0,
    "joint_goal_accuracy": 1.0,
    "joint_noncat_accuracy": 1.0,
    "requested_slots_f1": 1.0,
    "requested_slots_precision": 1.0,
    "requested_slots_recall": 1.0,
    "slot_tagging_f1": 1.0,
    "slot_tagging_precision": 1.0,
    "slot_tagging_recall": 1.0
  },
  "restaurant": {
    "active_intent_accuracy": 1.0,
    "average_cat_accuracy": 0.7793832823649337,
    "average_goal_accuracy": 0.8135448785024997,
    "average_noncat_accuracy": 0.9156088082901555,
    "joint_cat_accuracy": 0.6857026587086272,
    "joint_goal_accuracy": 0.6547018990775909,
    "joint_noncat_accuracy": 0.8593944263700488,
    "requested_slots_f1": 0.9618827997829625,
    "requested_slots_precision": 1.0,
    "requested_slots_recall": 0.9618827997829625,
    "slot_tagging_f1": 0.9051817688551275,
    "slot_tagging_precision": 0.9074877916440586,
    "slot_tagging_recall": 0.9382799782962561
  },
  "taxi": {
    "active_intent_accuracy": 1.0,
    "average_goal_accuracy": 0.5482369791666667,
    "average_noncat_accuracy": 0.5482369791666667,
    "joint_goal_accuracy": 0.9086759336698862,
    "joint_noncat_accuracy": 0.9086759336698862,
    "requested_slots_f1": 0.9918610960390667,
    "requested_slots_precision": 1.0,
    "requested_slots_recall": 0.9918610960390667,
    "slot_tagging_f1": 0.9522517634291915,
    "slot_tagging_precision": 0.9644601193705914,
    "slot_tagging_recall": 0.9556429734129137
  },
  "train": {
    "active_intent_accuracy": 1.0,
    "average_cat_accuracy": 0.6422932330827068,
    "average_goal_accuracy": 0.7163450441276307,
    "average_noncat_accuracy": 0.7443900697063193,
    "joint_cat_accuracy": 0.8123982637004883,
    "joint_goal_accuracy": 0.641107967018765,
    "joint_noncat_accuracy": 0.6542309537534369,
    "requested_slots_f1": 0.946825827455236,
    "requested_slots_precision": 1.0,
    "requested_slots_recall": 0.946825827455236,
    "slot_tagging_f1": 0.8603725809368782,
    "slot_tagging_precision": 0.8622490504612046,
    "slot_tagging_recall": 0.9319045035268584
  }
}