{
  "#ALL_SERVICES": {
    "active_intent_accuracy": 0.18572563610642792,
    "average_cat_accuracy": 0.14876406257003275,
    "average_goal_accuracy": 0.139882281692514,
    "average_noncat_accuracy": 0.10719241443108234,
    "joint_cat_accuracy": 0.07718393922951709,
    "joint_goal_accuracy": 0.015328269126424309,
    "joint_noncat_accuracy": 0.14161692892023875,
    "requested_slots_f1": 0.9575186197184918,
    "requested_slots_precision": 0.9828369151664309,
    "requested_slots_recall": 0.9740648153531126
  },
  "#SEEN_SERVICES": {
    "active_intent_accuracy": 0.18572563610642792,
    "average_cat_accuracy": 0.14876406257003275,
    "average_goal_accuracy": 0.139882281692514,
    "average_noncat_accuracy": 0.10719241443108234,
    "joint_cat_accuracy": 0.07718393922951709,
    "joint_goal_accuracy": 0.015328269126424309,
    "joint_noncat_accuracy": 0.14161692892023875,
    "requested_slots_f1": 0.9575186197184918,
    "requested_slots_precision": 0.9828369151664309,
    "requested_slots_recall": 0.9740648153531126
  },
  "attraction": {
    "active_intent_accuracy": 0.21568095496473141,
    "average_cat_accuracy": 0.03272186415468518,
    "average_goal_accuracy": 0.028735632183908046,
    "average_noncat_accuracy": 0.015555555555555555,
    "joint_cat_accuracy": 0.4800596852957135,
    "joint_goal_accuracy": 0.24253933803581118,
    "joint_noncat_accuracy": 0.49348887683125336,
    "requested_slots_f1": 0.9376695604991861,
    "requested_slots_precision": 0.9983722192078134,
    "requested_slots_recall": 0.9387321396274192
  },
  "bus": {
    "active_intent_accuracy": 0.061720021703743896,
    "joint_cat_accuracy": 0.543407487791644,
    "joint_goal_accuracy": 0.543407487791644,
    "requested_slots_f1": 0.9918610960390667,
    "requested_slots_precision": 0.9918610960390667,
    "requested_slots_recall": 1.0
  },
  "hospital": {
    "active_intent_accuracy": 0.051410743353228434,
    "joint_cat_accuracy": 0.6113673358654368,
    "joint_goal_accuracy": 0.6113673358654368,
    "requested_slots_f1": 0.9290558871405318,
    "requested_slots_precision": 0.9290558871405318,
    "requested_slots_recall": 1.0
  },
  "hotel": {
    "active_intent_accuracy": 0.26807760141093473,
    "average_cat_accuracy": 0.3258345053914674,
    "average_goal_accuracy": 0.28807423149579253,
    "average_noncat_accuracy": 0.05773342836778332,
    "joint_cat_accuracy": 0.38258038258038257,
    "joint_goal_accuracy": 0.19888753222086555,
    "joint_noncat_accuracy": 0.4301994301994302,
    "requested_slots_f1": 0.9651336318002984,
    "requested_slots_precision": 0.9982363315696648,
    "requested_slots_recall": 0.9666259666259667
  },
  "restaurant": {
    "active_intent_accuracy": 0.26926207270754204,
    "average_cat_accuracy": 0.1771518905665247,
    "average_goal_accuracy": 0.20634258569607888,
    "average_noncat_accuracy": 0.2602317554240631,
    "joint_cat_accuracy": 0.38062940857297883,
    "joint_goal_accuracy": 0.14650027129679868,
    "joint_noncat_accuracy": 0.25067824199674443,
    "requested_slots_f1": 0.9565020799421234,
    "requested_slots_precision": 0.9866160245975765,
    "requested_slots_recall": 0.9670826550913366
  },
  "taxi": {
    "active_intent_accuracy": 0.1287303309820944,
    "average_goal_accuracy": 0.06360332294911733,
    "average_noncat_accuracy": 0.06360332294911733,
    "joint_goal_accuracy": 0.26125881714595767,
    "joint_noncat_accuracy": 0.26125881714595767,
    "requested_slots_f1": 0.9692078133478025,
    "requested_slots_precision": 0.9757189365165491,
    "requested_slots_recall": 0.9928106348345089
  },
  "train": {
    "active_intent_accuracy": 0.3052088985349973,
    "average_cat_accuracy": 0.06087350079203439,
    "average_goal_accuracy": 0.05344067796610169,
    "average_noncat_accuracy": 0.03158101216163201,
    "joint_cat_accuracy": 0.3336950623982637,
    "joint_goal_accuracy": 0.24470971242539338,
    "joint_noncat_accuracy": 0.43882257189365165,
    "requested_slots_f1": 0.9532013022246337,
    "requested_slots_precision": 1.0,
    "requested_slots_recall": 0.9532013022246337
  }
}