Service,active_intent_accuracy,requested_slots_f1,requested_slots_precision,requested_slots_recall,average_goal_accuracy,average_cat_accuracy,joint_goal_accuracy,joint_cat_accuracy,joint_noncat_accuracy,average_noncat_accuracy
#ALL_SERVICES,0.18572563610642792,0.9575186197184918,0.9828369151664309,0.9740648153531126,0.139882281692514,0.14876406257003275,0.3212410131193923,0.45529153760936897,0.37488808703437426,0.10719241443108234
#SEEN_SERVICES,0.18572563610642792,0.9575186197184918,0.9828369151664309,0.9740648153531126,0.139882281692514,0.14876406257003275,0.3212410131193923,0.45529153760936897,0.37488808703437426,0.10719241443108234
attraction,0.21568095496473141,0.9376695604991861,0.9983722192078134,0.9387321396274192,0.028735632183908046,0.03272186415468518,0.24253933803581118,0.4800596852957135,0.49348887683125336,0.015555555555555555
bus,0.061720021703743896,0.9918610960390667,0.9918610960390667,1.0,,,0.543407487791644,0.543407487791644,,
hospital,0.051410743353228434,0.9290558871405318,0.9290558871405318,1.0,,,0.6113673358654368,0.6113673358654368,,
hotel,0.26807760141093473,0.9651336318002984,0.9982363315696648,0.9666259666259667,0.28807423149579253,0.3258345053914674,0.19888753222086555,0.38258038258038257,0.4301994301994302,0.05773342836778332
restaurant,0.26926207270754204,0.9565020799421234,0.9866160245975765,0.9670826550913366,0.20634258569607888,0.1771518905665247,0.14650027129679868,0.38062940857297883,0.25067824199674443,0.2602317554240631
taxi,0.1287303309820944,0.9692078133478025,0.9757189365165491,0.9928106348345089,0.06360332294911733,,0.26125881714595767,,0.26125881714595767,0.06360332294911733
train,0.3052088985349973,0.9532013022246337,1.0,0.9532013022246337,0.05344067796610169,0.06087350079203439,0.24470971242539338,0.3336950623982637,0.43882257189365165,0.03158101216163201
