Service,active_intent_accuracy,requested_slots_f1,requested_slots_precision,requested_slots_recall,average_goal_accuracy,average_cat_accuracy,joint_goal_accuracy,joint_cat_accuracy,joint_noncat_accuracy,average_noncat_accuracy
#ALL_SERVICES,0.18572563610642792,0.9575186197184918,0.9828369151664309,0.9740648153531126,0.2171301672239417,0.14876406257003275,0.018459047748236573,0.07718393922951709,0.15928804937601734,0.3207571114708603
#SEEN_SERVICES,0.18572563610642792,0.9575186197184918,0.9828369151664309,0.9740648153531126,0.2171301672239417,0.14876406257003275,0.018459047748236573,0.07718393922951709,0.15928804937601734,0.3207571114708603
attraction,0.21568095496473141,0.9376695604991861,0.9983722192078134,0.9387321396274192,0.0915216201423098,0.03272186415468518,0.2505384563212154,0.4800596852957135,0.5130817959848074,0.1895111111111111
bus,0.061720021703743896,0.9918610960390667,0.9918610960390667,1.0,,,0.543407487791644,0.543407487791644,,
hospital,0.051410743353228434,0.9290558871405318,0.9290558871405318,1.0,,,0.6113673358654368,0.6113673358654368,,
hotel,0.26807760141093473,0.9651336318002984,0.9982363315696648,0.9666259666259667,0.3662599129682785,0.3258345053914674,0.20954249084249085,0.38258038258038257,0.49930641703975037,0.48075552387740556
restaurant,0.26926207270754204,0.9565020799421234,0.9866160245975765,0.9670826550913366,0.33862079381630994,0.1771518905665247,0.15225453115783397,0.38062940857297883,0.3063500996086654,0.543521942800789
taxi,0.1287303309820944,0.9692078133478025,0.9757189365165491,0.9928106348345089,0.24557502596053998,,0.26129862480152516,,0.26129862480152516,0.24557502596053998
train,0.3052088985349973,0.9532013022246337,1.0,0.9532013022246337,0.06534864406779661,0.06087350079203439,0.24470971242539338,0.3336950623982637,0.44009604980059686,0.08482738328756374
