{
  "#ALL_SERVICES": {
    "active_intent_accuracy": 0.18572563610642792,
    "average_cat_accuracy": 0.14876406257003275,
    "average_goal_accuracy": 0.2171301672239417,
    "average_noncat_accuracy": 0.3207571114708603,
    "joint_cat_accuracy": 0.07718393922951709,
    "joint_goal_accuracy": 0.018459047748236573,
    "joint_map_cat_accuracy": 0.4591175772374267,
    "joint_map_goal_accuracy": 0.28179070511950943,
    "joint_map_noncat_accuracy": 0.41679203143758264,
    "joint_noncat_accuracy": 0.15928804937601734,
    "joint_nonmap_cat_accuracy": 0.5092356039881532,
    "joint_nonmap_goal_accuracy": 0.463462928666938,
    "joint_nonmap_noncat_accuracy": 0.387238863809007,
    "requested_slots_f1": 0.9575186197184918,
    "requested_slots_precision": 0.9828369151664309,
    "requested_slots_recall": 0.9740648153531126
  },
  "#SEEN_SERVICES": {
    "active_intent_accuracy": 0.18572563610642792,
    "average_cat_accuracy": 0.14876406257003275,
    "average_goal_accuracy": 0.2171301672239417,
    "average_noncat_accuracy": 0.3207571114708603,
    "joint_cat_accuracy": 0.07718393922951709,
    "joint_goal_accuracy": 0.018459047748236573,
    "joint_map_cat_accuracy": 0.4591175772374267,
    "joint_map_goal_accuracy": 0.28179070511950943,
    "joint_map_noncat_accuracy": 0.41679203143758264,
    "joint_noncat_accuracy": 0.15928804937601734,
    "joint_nonmap_cat_accuracy": 0.5092356039881532,
    "joint_nonmap_goal_accuracy": 0.463462928666938,
    "joint_nonmap_noncat_accuracy": 0.387238863809007,
    "requested_slots_f1": 0.9575186197184918,
    "requested_slots_precision": 0.9828369151664309,
    "requested_slots_recall": 0.9740648153531126
  },
  "attraction": {
    "active_intent_accuracy": 0.21568095496473141,
    "average_cat_accuracy": 0.03272186415468518,
    "average_goal_accuracy": 0.0915216201423098,
    "average_noncat_accuracy": 0.1895111111111111,
    "joint_cat_accuracy": 0.4800596852957135,
    "joint_goal_accuracy": 0.2505384563212154,
    "joint_map_cat_accuracy": 0.5294357026587087,
    "joint_map_goal_accuracy": 0.27456049918610964,
    "joint_map_noncat_accuracy": 0.5253445469343462,
    "joint_noncat_accuracy": 0.5130817959848074,
    "joint_nonmap_cat_accuracy": 0.5717580032555616,
    "joint_nonmap_goal_accuracy": 0.5717580032555616,
    "requested_slots_f1": 0.9376695604991861,
    "requested_slots_precision": 0.9983722192078134,
    "requested_slots_recall": 0.9387321396274192
  },
  "bus": {
    "active_intent_accuracy": 0.061720021703743896,
    "joint_cat_accuracy": 0.543407487791644,
    "joint_goal_accuracy": 0.543407487791644,
    "joint_nonmap_cat_accuracy": 0.543407487791644,
    "joint_nonmap_goal_accuracy": 0.543407487791644,
    "requested_slots_f1": 0.9918610960390667,
    "requested_slots_precision": 0.9918610960390667,
    "requested_slots_recall": 1.0
  },
  "hospital": {
    "active_intent_accuracy": 0.051410743353228434,
    "joint_cat_accuracy": 0.6113673358654368,
    "joint_goal_accuracy": 0.6113673358654368,
    "joint_nonmap_cat_accuracy": 0.6113673358654368,
    "joint_nonmap_goal_accuracy": 0.6113673358654368,
    "requested_slots_f1": 0.9290558871405318,
    "requested_slots_precision": 0.9290558871405318,
    "requested_slots_recall": 1.0
  },
  "hotel": {
    "active_intent_accuracy": 0.26807760141093473,
    "average_cat_accuracy": 0.3258345053914674,
    "average_goal_accuracy": 0.3662599129682785,
    "average_noncat_accuracy": 0.48075552387740556,
    "joint_cat_accuracy": 0.38258038258038257,
    "joint_goal_accuracy": 0.20954249084249085,
    "joint_map_cat_accuracy": 0.4677791344458011,
    "joint_map_goal_accuracy": 0.26185320851987515,
    "joint_map_noncat_accuracy": 0.510717677384344,
    "joint_noncat_accuracy": 0.49930641703975037,
    "joint_nonmap_cat_accuracy": 0.4358974358974359,
    "joint_nonmap_goal_accuracy": 0.4358974358974359,
    "requested_slots_f1": 0.9651336318002984,
    "requested_slots_precision": 0.9982363315696648,
    "requested_slots_recall": 0.9666259666259667
  },
  "restaurant": {
    "active_intent_accuracy": 0.26926207270754204,
    "average_cat_accuracy": 0.1771518905665247,
    "average_goal_accuracy": 0.33862079381630994,
    "average_noncat_accuracy": 0.543521942800789,
    "joint_cat_accuracy": 0.38062940857297883,
    "joint_goal_accuracy": 0.15225453115783397,
    "joint_map_cat_accuracy": 0.48358654367878456,
    "joint_map_goal_accuracy": 0.19692533912099838,
    "joint_map_noncat_accuracy": 0.3111769711068909,
    "joint_noncat_accuracy": 0.3063500996086654,
    "joint_nonmap_cat_accuracy": 0.4806022788931091,
    "joint_nonmap_goal_accuracy": 0.4806022788931091,
    "requested_slots_f1": 0.9565020799421234,
    "requested_slots_precision": 0.9866160245975765,
    "requested_slots_recall": 0.9670826550913366
  },
  "taxi": {
    "active_intent_accuracy": 0.1287303309820944,
    "average_goal_accuracy": 0.24557502596053998,
    "average_noncat_accuracy": 0.24557502596053998,
    "joint_goal_accuracy": 0.26129862480152516,
    "joint_map_goal_accuracy": 0.31994167118828,
    "joint_map_noncat_accuracy": 0.31994167118828,
    "joint_noncat_accuracy": 0.26129862480152516,
    "joint_nonmap_goal_accuracy": 0.33257698155181764,
    "joint_nonmap_noncat_accuracy": 0.33257698155181764,
    "requested_slots_f1": 0.9692078133478025,
    "requested_slots_precision": 0.9757189365165491,
    "requested_slots_recall": 0.9928106348345089
  },
  "train": {
    "active_intent_accuracy": 0.3052088985349973,
    "average_cat_accuracy": 0.06087350079203439,
    "average_goal_accuracy": 0.06534864406779661,
    "average_noncat_accuracy": 0.08482738328756374,
    "joint_cat_accuracy": 0.3336950623982637,
    "joint_goal_accuracy": 0.24470971242539338,
    "joint_map_cat_accuracy": 0.3556701030927835,
    "joint_map_goal_accuracy": 0.3556701030927835,
    "joint_noncat_accuracy": 0.44009604980059686,
    "joint_nonmap_cat_accuracy": 0.41237113402061853,
    "joint_nonmap_goal_accuracy": 0.26862723819858925,
    "joint_nonmap_noncat_accuracy": 0.4419007460661964,
    "requested_slots_f1": 0.9532013022246337,
    "requested_slots_precision": 1.0,
    "requested_slots_recall": 0.9532013022246337
  }
}