{
  "attraction-area_acc": 0.5717580032555616,
  "attraction-area_f1": 0.05052631578947369,
  "attraction-area_precision": 0.04338842975206612,
  "attraction-area_recall": 0.06047516198704104,
  "attraction-name_acc": 0.49348887683125336,
  "attraction-name_f1": 0.011122881355932202,
  "attraction-name_precision": 0.006974427100631019,
  "attraction-name_recall": 0.027450980392156862,
  "attraction-type_acc": 0.5294357026587087,
  "attraction-type_f1": 0.012524907486478795,
  "attraction-type_precision": 0.009878760664571173,
  "attraction-type_recall": 0.017107309486780714,
  "hotel-area_acc": 0.5825532492199159,
  "hotel-area_f1": 0.024722662440570524,
  "hotel-area_precision": 0.014965464313123561,
  "hotel-area_recall": 0.07103825136612021,
  "hotel-bookday_acc": 0.5972052638719305,
  "hotel-bookday_f1": 0.024958949096880133,
  "hotel-bookday_precision": 0.015157558835261268,
  "hotel-bookday_recall": 0.07063197026022305,
  "hotel-bookpeople_acc": 0.6754850088183422,
  "hotel-bookpeople_f1": 0.34929270946681173,
  "hotel-bookpeople_precision": 0.2214556743704726,
  "hotel-bookpeople_recall": 0.8262548262548263,
  "hotel-bookstay_acc": 0.5928639261972596,
  "hotel-bookstay_f1": 0.0836641221374046,
  "hotel-bookstay_precision": 0.04980007270083606,
  "hotel-bookstay_recall": 0.26145038167938933,
  "hotel-internet_acc": 0.680640347307014,
  "hotel-internet_f1": 0.3439241917502787,
  "hotel-internet_precision": 0.24320063066614112,
  "hotel-internet_recall": 0.5870599429115129,
  "hotel-name_acc": 0.4301994301994302,
  "hotel-name_f1": 0.037138927097661624,
  "hotel-name_precision": 0.021121251629726206,
  "hotel-name_recall": 0.15370018975332067,
  "hotel-parking_acc": 0.7218830552163885,
  "hotel-parking_f1": 0.3050847457627119,
  "hotel-parking_precision": 0.2304147465437788,
  "hotel-parking_recall": 0.45135406218655966,
  "hotel-pricerange_acc": 0.6727716727716728,
  "hotel-pricerange_f1": 0.2504661280298322,
  "hotel-pricerange_precision": 0.171343537414966,
  "hotel-pricerange_recall": 0.4653579676674365,
  "hotel-stars_acc": 0.7496947496947497,
  "hotel-stars_f1": 0.43387542190856093,
  "hotel-stars_precision": 0.2989429175475687,
  "hotel-stars_recall": 0.79082774049217,
  "hotel-type_acc": 0.6029032695699362,
  "hotel-type_f1": 0.21884174005871362,
  "hotel-type_precision": 0.14099037138927098,
  "hotel-type_recall": 0.48867699642431467,
  "restaurant-area_acc": 0.5969886055344547,
  "restaurant-area_f1": 0.09942406789936345,
  "restaurant-area_precision": 0.08756006406833956,
  "restaurant-area_recall": 0.1150070126227209,
  "restaurant-bookday_acc": 0.6269669017905589,
  "restaurant-bookday_f1": 0.03576437587657784,
  "restaurant-bookday_precision": 0.02598064187468161,
  "restaurant-bookday_recall": 0.05736782902137233,
  "restaurant-bookpeople_acc": 0.6831253391209984,
  "restaurant-bookpeople_f1": 0.4288508557457213,
  "restaurant-bookpeople_precision": 0.2861337683523654,
  "restaurant-bookpeople_recall": 0.855609756097561,
  "restaurant-booktime_acc": 0.49538795442213784,
  "restaurant-booktime_f1": 0.3046728971962617,
  "restaurant-booktime_precision": 0.18159536541889484,
  "restaurant-booktime_recall": 0.9454756380510441,
  "restaurant-food_acc": 0.5126153011394465,
  "restaurant-food_f1": 0.20420819490586933,
  "restaurant-food_precision": 0.125,
  "restaurant-food_recall": 0.5574365175332527,
  "restaurant-name_acc": 0.5162778079218665,
  "restaurant-name_f1": 0.03777657852131678,
  "restaurant-name_precision": 0.025858884373845585,
  "restaurant-name_recall": 0.07007007007007007,
  "restaurant-pricerange_acc": 0.6699674443841562,
  "restaurant-pricerange_f1": 0.1630546955624355,
  "restaurant-pricerange_precision": 0.22987390882638215,
  "restaurant-pricerange_recall": 0.1263326226012793,
  "taxi-arriveby_acc": 0.39948453608247425,
  "taxi-arriveby_f1": 0.019056060270330157,
  "taxi-arriveby_precision": 0.00970216606498195,
  "taxi-arriveby_recall": 0.5308641975308642,
  "taxi-departure_acc": 0.37059142702116116,
  "taxi-departure_f1": 0.00684931506849315,
  "taxi-departure_precision": 0.0035610950367237926,
  "taxi-departure_recall": 0.0893854748603352,
  "taxi-destination_acc": 0.29856212696690176,
  "taxi-destination_f1": 0.011470082202255783,
  "taxi-destination_precision": 0.005828638041577618,
  "taxi-destination_recall": 0.35714285714285715,
  "taxi-leaveat_acc": 0.46975040694519804,
  "taxi-leaveat_f1": 0.007616146230007614,
  "taxi-leaveat_precision": 0.004025764895330112,
  "taxi-leaveat_recall": 0.07042253521126761,
  "train-arriveby_acc": 0.5351329354313619,
  "train-arriveby_f1": 0.001747742499271774,
  "train-arriveby_precision": 0.0009514747859181732,
  "train-arriveby_recall": 0.010714285714285714,
  "train-bookpeople_acc": 0.6254747693977211,
  "train-bookpeople_f1": 0.23156136932925134,
  "train-bookpeople_precision": 0.15510812826249068,
  "train-bookpeople_recall": 0.4566410537870472,
  "train-day_acc": 0.41237113402061853,
  "train-day_f1": 0.0291349170775437,
  "train-day_precision": 0.026859504132231406,
  "train-day_recall": 0.031831537708129284,
  "train-departure_acc": 0.421459576776994,
  "train-departure_f1": 0.009291521486643438,
  "train-departure_precision": 0.008261049153242462,
  "train-departure_recall": 0.010615711252653927,
  "train-destination_acc": 0.42919153553988065,
  "train-destination_f1": 0.06364040943480195,
  "train-destination_precision": 0.06111111111111111,
  "train-destination_recall": 0.06638811513463325,
  "train-leaveat_acc": 0.5278079218665219,
  "train-leaveat_f1": 0.044993141289437585,
  "train-leaveat_precision": 0.024203069657615112,
  "train-leaveat_recall": 0.31906614785992216
}