{
  "#ALL_SERVICES": {
    "active_intent_accuracy": 1.0,
    "average_cat_accuracy": 0.5739115028515694,
    "average_goal_accuracy": 0.4926709039899732,
    "average_noncat_accuracy": 0.384715909090909,
    "joint_cat_accuracy": 0.8107478748417435,
    "joint_goal_accuracy": 0.8094987791644058,
    "joint_map_cat_accuracy": 0.8353567552902875,
    "joint_map_goal_accuracy": 0.7577862181226261,
    "joint_map_noncat_accuracy": 0.7780453065653825,
    "joint_noncat_accuracy": 0.8460729788388497,
    "joint_nonmap_cat_accuracy": 0.8552631578947368,
    "joint_nonmap_goal_accuracy": 0.8525671459576777,
    "joint_nonmap_noncat_accuracy": 0.9483688279978296,
    "requested_slots_f1": 0.974023331524688,
    "requested_slots_precision": 1.0,
    "requested_slots_recall": 0.974023331524688,
    "slot_tagging_f1": 0.9577116115029842,
    "slot_tagging_precision": 0.9610519533369506,
    "slot_tagging_recall": 0.9670204829083017
  },
  "#SEEN_SERVICES": {
    "active_intent_accuracy": 1.0,
    "average_cat_accuracy": 0.5739115028515694,
    "average_goal_accuracy": 0.4926709039899732,
    "average_noncat_accuracy": 0.384715909090909,
    "joint_cat_accuracy": 0.8107478748417435,
    "joint_goal_accuracy": 0.8094987791644058,
    "joint_map_cat_accuracy": 0.8353567552902875,
    "joint_map_goal_accuracy": 0.7577862181226261,
    "joint_map_noncat_accuracy": 0.7780453065653825,
    "joint_noncat_accuracy": 0.8460729788388497,
    "joint_nonmap_cat_accuracy": 0.8552631578947368,
    "joint_nonmap_goal_accuracy": 0.8525671459576777,
    "joint_nonmap_noncat_accuracy": 0.9483688279978296,
    "requested_slots_f1": 0.974023331524688,
    "requested_slots_precision": 1.0,
    "requested_slots_recall": 0.974023331524688,
    "slot_tagging_f1": 0.9577116115029842,
    "slot_tagging_precision": 0.9610519533369506,
    "slot_tagging_recall": 0.9670204829083017
  },
  "attraction": {
    "active_intent_accuracy": 1.0,
    "average_cat_accuracy": 0.3501984126984127,
    "average_goal_accuracy": 0.2995615837785998,
    "average_noncat_accuracy": 0.15578635014836795,
    "joint_cat_accuracy": 0.75,
    "joint_goal_accuracy": 0.6805480195333695,
    "joint_map_cat_accuracy": 0.8579761258817146,
    "joint_map_goal_accuracy": 0.7166304937601736,
    "joint_map_noncat_accuracy": 0.773060227889311,
    "joint_noncat_accuracy": 0.773060227889311,
    "joint_nonmap_cat_accuracy": 0.7973412913727618,
    "joint_nonmap_goal_accuracy": 0.7973412913727618,
    "joint_nonmap_noncat_accuracy": 1.0,
    "requested_slots_f1": 0.9305480195333695,
    "requested_slots_precision": 1.0,
    "requested_slots_recall": 0.9305480195333695,
    "slot_tagging_f1": 0.960119370591427,
    "slot_tagging_precision": 0.9660879001627781,
    "slot_tagging_recall": 0.9820944112859469
  },
  "bus": {
    "active_intent_accuracy": 1.0,
    "joint_cat_accuracy": 1.0,
    "joint_goal_accuracy": 1.0,
    "joint_noncat_accuracy": 1.0,
    "joint_nonmap_cat_accuracy": 1.0,
    "joint_nonmap_goal_accuracy": 1.0,
    "joint_nonmap_noncat_accuracy": 1.0,
    "requested_slots_f1": 1.0,
    "requested_slots_precision": 1.0,
    "requested_slots_recall": 1.0,
    "slot_tagging_f1": 1.0,
    "slot_tagging_precision": 1.0,
    "slot_tagging_recall": 1.0
  },
  "hospital": {
    "active_intent_accuracy": 1.0,
    "joint_goal_accuracy": 1.0,
    "joint_noncat_accuracy": 1.0,
    "joint_nonmap_goal_accuracy": 1.0,
    "joint_nonmap_noncat_accuracy": 1.0,
    "requested_slots_f1": 1.0,
    "requested_slots_precision": 1.0,
    "requested_slots_recall": 1.0,
    "slot_tagging_f1": 1.0,
    "slot_tagging_precision": 1.0,
    "slot_tagging_recall": 1.0
  },
  "hotel": {
    "active_intent_accuracy": 1.0,
    "average_cat_accuracy": 0.403320775567611,
    "average_goal_accuracy": 0.36341217708103335,
    "average_noncat_accuracy": 0.1717557251908397,
    "joint_cat_accuracy": 0.6530113944655453,
    "joint_goal_accuracy": 0.6418882257189366,
    "joint_map_cat_accuracy": 0.8543136190992946,
    "joint_map_goal_accuracy": 0.7310092240911558,
    "joint_map_noncat_accuracy": 0.7668204015192621,
    "joint_noncat_accuracy": 0.7668204015192621,
    "joint_nonmap_cat_accuracy": 0.6603364080303853,
    "joint_nonmap_goal_accuracy": 0.6603364080303853,
    "joint_nonmap_noncat_accuracy": 1.0,
    "requested_slots_f1": 0.9610689093868693,
    "requested_slots_precision": 1.0,
    "requested_slots_recall": 0.9610689093868693,
    "slot_tagging_f1": 0.9715138361367336,
    "slot_tagging_precision": 0.9743624525230602,
    "slot_tagging_recall": 0.9801953336950624
  },
  "police": {
    "active_intent_accuracy": 1.0,
    "joint_cat_accuracy": 1.0,
    "joint_goal_accuracy": 1.0,
    "joint_noncat_accuracy": 1.0,
    "joint_nonmap_cat_accuracy": 1.0,
    "joint_nonmap_goal_accuracy": 1.0,
    "joint_nonmap_noncat_accuracy": 1.0,
    "requested_slots_f1": 1.0,
    "requested_slots_precision": 1.0,
    "requested_slots_recall": 1.0,
    "slot_tagging_f1": 1.0,
    "slot_tagging_precision": 1.0,
    "slot_tagging_recall": 1.0
  },
  "restaurant": {
    "active_intent_accuracy": 1.0,
    "average_cat_accuracy": 0.7325461349851593,
    "average_goal_accuracy": 0.5898251033932932,
    "average_noncat_accuracy": 0.4514352882949764,
    "joint_cat_accuracy": 0.7110689093868693,
    "joint_goal_accuracy": 0.606348345089528,
    "joint_map_cat_accuracy": 0.8385784047748237,
    "joint_map_goal_accuracy": 0.6218122626153011,
    "joint_map_noncat_accuracy": 0.6433803581117743,
    "joint_noncat_accuracy": 0.6433803581117743,
    "joint_nonmap_cat_accuracy": 0.7860824742268041,
    "joint_nonmap_goal_accuracy": 0.7860824742268041,
    "joint_nonmap_noncat_accuracy": 1.0,
    "requested_slots_f1": 0.9618827997829625,
    "requested_slots_precision": 1.0,
    "requested_slots_recall": 0.9618827997829625,
    "slot_tagging_f1": 0.8566196418882257,
    "slot_tagging_precision": 0.859875203472599,
    "slot_tagging_recall": 0.8863266413456321
  },
  "taxi": {
    "active_intent_accuracy": 1.0,
    "average_goal_accuracy": 0.3833333333333333,
    "average_noncat_accuracy": 0.3833333333333333,
    "joint_goal_accuracy": 0.9072164948453608,
    "joint_map_goal_accuracy": 0.9289202387411829,
    "joint_map_noncat_accuracy": 0.9289202387411829,
    "joint_noncat_accuracy": 0.9072164948453608,
    "joint_nonmap_goal_accuracy": 0.9088442756375474,
    "joint_nonmap_noncat_accuracy": 0.9088442756375474,
    "requested_slots_f1": 0.9918610960390667,
    "requested_slots_precision": 1.0,
    "requested_slots_recall": 0.9918610960390667,
    "slot_tagging_f1": 0.9522517634291915,
    "slot_tagging_precision": 0.9644601193705914,
    "slot_tagging_recall": 0.9556429734129137
  },
  "train": {
    "active_intent_accuracy": 1.0,
    "average_cat_accuracy": 0.7253569000679809,
    "average_goal_accuracy": 0.694908350305499,
    "average_noncat_accuracy": 0.5671641791044776,
    "joint_cat_accuracy": 0.7504069451980466,
    "joint_goal_accuracy": 0.6399891481280521,
    "joint_map_cat_accuracy": 0.7905588714053174,
    "joint_map_goal_accuracy": 0.7905588714053174,
    "joint_noncat_accuracy": 0.6781063483450895,
    "joint_nonmap_cat_accuracy": 0.8878187737384698,
    "joint_nonmap_goal_accuracy": 0.667932718393923,
    "joint_nonmap_noncat_accuracy": 0.6781063483450895,
    "requested_slots_f1": 0.946825827455236,
    "requested_slots_precision": 1.0,
    "requested_slots_recall": 0.946825827455236,
    "slot_tagging_f1": 0.9211882799782962,
    "slot_tagging_precision": 0.9236299511665762,
    "slot_tagging_recall": 0.9319045035268584
  }
}