{
  "#ALL_SERVICES": {
    "active_intent_accuracy": 1.0,
    "average_cat_accuracy": 0.5739115028515694,
    "average_goal_accuracy": 0.6184544864718301,
    "average_noncat_accuracy": 0.7428168560606061,
    "joint_cat_accuracy": 0.20808464460119372,
    "joint_goal_accuracy": 0.10861744221378189,
    "joint_map_cat_accuracy": 0.4797883884970157,
    "joint_map_goal_accuracy": 0.319708258817146,
    "joint_map_noncat_accuracy": 0.5854076890938688,
    "joint_noncat_accuracy": 0.359893456863809,
    "joint_nonmap_cat_accuracy": 0.32664134563212155,
    "joint_nonmap_goal_accuracy": 0.21289142702116115,
    "joint_nonmap_noncat_accuracy": 0.6072321758003256,
    "requested_slots_f1": 0.974023331524688,
    "requested_slots_precision": 1.0,
    "requested_slots_recall": 0.974023331524688,
    "slot_tagging_f1": 0.9577116115029842,
    "slot_tagging_precision": 0.9610519533369506,
    "slot_tagging_recall": 0.9670204829083017
  },
  "#SEEN_SERVICES": {
    "active_intent_accuracy": 1.0,
    "average_cat_accuracy": 0.5739115028515694,
    "average_goal_accuracy": 0.6184544864718301,
    "average_noncat_accuracy": 0.7428168560606061,
    "joint_cat_accuracy": 0.20808464460119372,
    "joint_goal_accuracy": 0.10861744221378189,
    "joint_map_cat_accuracy": 0.4797883884970157,
    "joint_map_goal_accuracy": 0.319708258817146,
    "joint_map_noncat_accuracy": 0.5854076890938688,
    "joint_noncat_accuracy": 0.359893456863809,
    "joint_nonmap_cat_accuracy": 0.32664134563212155,
    "joint_nonmap_goal_accuracy": 0.21289142702116115,
    "joint_nonmap_noncat_accuracy": 0.6072321758003256,
    "requested_slots_f1": 0.974023331524688,
    "requested_slots_precision": 1.0,
    "requested_slots_recall": 0.974023331524688,
    "slot_tagging_f1": 0.9577116115029842,
    "slot_tagging_precision": 0.9610519533369506,
    "slot_tagging_recall": 0.9670204829083017
  },
  "attraction": {
    "active_intent_accuracy": 1.0,
    "average_cat_accuracy": 0.3501984126984127,
    "average_goal_accuracy": 0.4344862309905467,
    "average_noncat_accuracy": 0.5845845697329377,
    "joint_cat_accuracy": 0.75,
    "joint_goal_accuracy": 0.703068950081389,
    "joint_map_cat_accuracy": 0.8579761258817146,
    "joint_map_goal_accuracy": 0.7674500949538795,
    "joint_map_noncat_accuracy": 0.847575827455236,
    "joint_noncat_accuracy": 0.847575827455236,
    "joint_nonmap_cat_accuracy": 0.7973412913727618,
    "joint_nonmap_goal_accuracy": 0.7973412913727618,
    "joint_nonmap_noncat_accuracy": 1.0,
    "requested_slots_f1": 0.9305480195333695,
    "requested_slots_precision": 1.0,
    "requested_slots_recall": 0.9305480195333695,
    "slot_tagging_f1": 0.960119370591427,
    "slot_tagging_precision": 0.9660879001627781,
    "slot_tagging_recall": 0.9820944112859469
  },
  "bus": {
    "active_intent_accuracy": 1.0,
    "joint_cat_accuracy": 1.0,
    "joint_goal_accuracy": 1.0,
    "joint_noncat_accuracy": 1.0,
    "joint_nonmap_cat_accuracy": 1.0,
    "joint_nonmap_goal_accuracy": 1.0,
    "joint_nonmap_noncat_accuracy": 1.0,
    "requested_slots_f1": 1.0,
    "requested_slots_precision": 1.0,
    "requested_slots_recall": 1.0,
    "slot_tagging_f1": 1.0,
    "slot_tagging_precision": 1.0,
    "slot_tagging_recall": 1.0
  },
  "hospital": {
    "active_intent_accuracy": 1.0,
    "joint_goal_accuracy": 1.0,
    "joint_noncat_accuracy": 1.0,
    "joint_nonmap_goal_accuracy": 1.0,
    "joint_nonmap_noncat_accuracy": 1.0,
    "requested_slots_f1": 1.0,
    "requested_slots_precision": 1.0,
    "requested_slots_recall": 1.0,
    "slot_tagging_f1": 1.0,
    "slot_tagging_precision": 1.0,
    "slot_tagging_recall": 1.0
  },
  "hotel": {
    "active_intent_accuracy": 1.0,
    "average_cat_accuracy": 0.403320775567611,
    "average_goal_accuracy": 0.47525908650425647,
    "average_noncat_accuracy": 0.79,
    "joint_cat_accuracy": 0.6530113944655453,
    "joint_goal_accuracy": 0.6481609061313077,
    "joint_map_cat_accuracy": 0.8543136190992946,
    "joint_map_goal_accuracy": 0.7934998372219207,
    "joint_map_noncat_accuracy": 0.891498317959848,
    "joint_noncat_accuracy": 0.891498317959848,
    "joint_nonmap_cat_accuracy": 0.6603364080303853,
    "joint_nonmap_goal_accuracy": 0.6603364080303853,
    "joint_nonmap_noncat_accuracy": 1.0,
    "requested_slots_f1": 0.9610689093868693,
    "requested_slots_precision": 1.0,
    "requested_slots_recall": 0.9610689093868693,
    "slot_tagging_f1": 0.9715138361367336,
    "slot_tagging_precision": 0.9743624525230602,
    "slot_tagging_recall": 0.9801953336950624
  },
  "police": {
    "active_intent_accuracy": 1.0,
    "joint_cat_accuracy": 1.0,
    "joint_goal_accuracy": 1.0,
    "joint_noncat_accuracy": 1.0,
    "joint_nonmap_cat_accuracy": 1.0,
    "joint_nonmap_goal_accuracy": 1.0,
    "joint_nonmap_noncat_accuracy": 1.0,
    "requested_slots_f1": 1.0,
    "requested_slots_precision": 1.0,
    "requested_slots_recall": 1.0,
    "slot_tagging_f1": 1.0,
    "slot_tagging_precision": 1.0,
    "slot_tagging_recall": 1.0
  },
  "restaurant": {
    "active_intent_accuracy": 1.0,
    "average_cat_accuracy": 0.7325461349851593,
    "average_goal_accuracy": 0.8204360871659442,
    "average_noncat_accuracy": 0.9207058896312795,
    "joint_cat_accuracy": 0.7110689093868693,
    "joint_goal_accuracy": 0.655408393598752,
    "joint_map_cat_accuracy": 0.8385784047748237,
    "joint_map_goal_accuracy": 0.7079284338578404,
    "joint_map_noncat_accuracy": 0.7873681504381442,
    "joint_noncat_accuracy": 0.7873681504381442,
    "joint_nonmap_cat_accuracy": 0.7860824742268041,
    "joint_nonmap_goal_accuracy": 0.7860824742268041,
    "joint_nonmap_noncat_accuracy": 1.0,
    "requested_slots_f1": 0.9618827997829625,
    "requested_slots_precision": 1.0,
    "requested_slots_recall": 0.9618827997829625,
    "slot_tagging_f1": 0.8566196418882257,
    "slot_tagging_precision": 0.859875203472599,
    "slot_tagging_recall": 0.8863266413456321
  },
  "taxi": {
    "active_intent_accuracy": 1.0,
    "average_goal_accuracy": 0.5482369791666667,
    "average_noncat_accuracy": 0.5482369791666667,
    "joint_goal_accuracy": 0.9086759336698862,
    "joint_map_goal_accuracy": 0.9432322300596853,
    "joint_map_noncat_accuracy": 0.9432322300596853,
    "joint_noncat_accuracy": 0.9086759336698862,
    "joint_nonmap_goal_accuracy": 0.9108735443950081,
    "joint_nonmap_noncat_accuracy": 0.9108735443950081,
    "requested_slots_f1": 0.9918610960390667,
    "requested_slots_precision": 1.0,
    "requested_slots_recall": 0.9918610960390667,
    "slot_tagging_f1": 0.9522517634291915,
    "slot_tagging_precision": 0.9644601193705914,
    "slot_tagging_recall": 0.9556429734129137
  },
  "train": {
    "active_intent_accuracy": 1.0,
    "average_cat_accuracy": 0.7253569000679809,
    "average_goal_accuracy": 0.7148707852455307,
    "average_noncat_accuracy": 0.6581441476826395,
    "joint_cat_accuracy": 0.7504069451980466,
    "joint_goal_accuracy": 0.6420158041237113,
    "joint_map_cat_accuracy": 0.7905588714053174,
    "joint_map_goal_accuracy": 0.7905588714053174,
    "joint_noncat_accuracy": 0.6853606690179056,
    "joint_nonmap_cat_accuracy": 0.8878187737384698,
    "joint_nonmap_goal_accuracy": 0.6734103467173087,
    "joint_nonmap_noncat_accuracy": 0.6853606690179056,
    "requested_slots_f1": 0.946825827455236,
    "requested_slots_precision": 1.0,
    "requested_slots_recall": 0.946825827455236,
    "slot_tagging_f1": 0.9211882799782962,
    "slot_tagging_precision": 0.9236299511665762,
    "slot_tagging_recall": 0.9319045035268584
  }
}