{
  "#ALL_SERVICES": {
    "active_intent_accuracy": 1.0,
    "average_cat_accuracy": 0.5631428505756184,
    "average_goal_accuracy": 0.4108313687144279,
    "average_noncat_accuracy": 0.24295874247383523,
    "joint_cat_accuracy": 0.12683125339120999,
    "joint_goal_accuracy": 0.032013022246337494,
    "joint_map_cat_accuracy": 0.446825827455236,
    "joint_map_goal_accuracy": 0.08600108518719479,
    "joint_map_noncat_accuracy": 0.12601736299511665,
    "joint_noncat_accuracy": 0.11136733586543679,
    "joint_nonmap_cat_accuracy": 0.20320130222463376,
    "joint_nonmap_goal_accuracy": 0.1233043950081389,
    "joint_nonmap_noncat_accuracy": 0.5463917525773195,
    "requested_slots_f1": 0.9740518962075848,
    "requested_slots_precision": 1.0,
    "requested_slots_recall": 0.9740518962075848,
    "slot_tagging_f1": 0.9256051004786543,
    "slot_tagging_precision": 0.9300815844040076,
    "slot_tagging_recall": 0.9639362052593842
  },
  "#SEEN_SERVICES": {
    "active_intent_accuracy": 1.0,
    "average_cat_accuracy": 0.5631428505756184,
    "average_goal_accuracy": 0.4108313687144279,
    "average_noncat_accuracy": 0.24295874247383523,
    "joint_cat_accuracy": 0.12683125339120999,
    "joint_goal_accuracy": 0.032013022246337494,
    "joint_map_cat_accuracy": 0.446825827455236,
    "joint_map_goal_accuracy": 0.08600108518719479,
    "joint_map_noncat_accuracy": 0.12601736299511665,
    "joint_noncat_accuracy": 0.11136733586543679,
    "joint_nonmap_cat_accuracy": 0.20320130222463376,
    "joint_nonmap_goal_accuracy": 0.1233043950081389,
    "joint_nonmap_noncat_accuracy": 0.5463917525773195,
    "requested_slots_f1": 0.9740518962075848,
    "requested_slots_precision": 1.0,
    "requested_slots_recall": 0.9740518962075848,
    "slot_tagging_f1": 0.9256051004786543,
    "slot_tagging_precision": 0.9300815844040076,
    "slot_tagging_recall": 0.9639362052593842
  },
  "attraction": {
    "active_intent_accuracy": 1.0,
    "average_cat_accuracy": 0.45091720376797223,
    "average_goal_accuracy": 0.33401751505199784,
    "average_noncat_accuracy": 0.05703703703703704,
    "joint_cat_accuracy": 0.3229788388497016,
    "joint_goal_accuracy": 0.2807921866521975,
    "joint_map_cat_accuracy": 0.8293543136190993,
    "joint_map_goal_accuracy": 0.7179869777536625,
    "joint_map_noncat_accuracy": 0.7981551817688551,
    "joint_noncat_accuracy": 0.7981551817688551,
    "joint_nonmap_cat_accuracy": 0.39446554530656536,
    "joint_nonmap_goal_accuracy": 0.39446554530656536,
    "requested_slots_f1": 0.9386869234943027,
    "requested_slots_precision": 1.0,
    "requested_slots_recall": 0.9386869234943027,
    "slot_tagging_f1": 0.9709712425393381,
    "slot_tagging_precision": 0.9774823657080847,
    "slot_tagging_recall": 0.9829083016820401
  },
  "bus": {
    "active_intent_accuracy": 1.0,
    "joint_cat_accuracy": 1.0,
    "joint_goal_accuracy": 1.0,
    "joint_nonmap_cat_accuracy": 1.0,
    "joint_nonmap_goal_accuracy": 1.0,
    "requested_slots_f1": 1.0,
    "requested_slots_precision": 1.0,
    "requested_slots_recall": 1.0,
    "slot_tagging_f1": 1.0,
    "slot_tagging_precision": 1.0,
    "slot_tagging_recall": 1.0
  },
  "hospital": {
    "active_intent_accuracy": 1.0,
    "joint_goal_accuracy": 1.0,
    "joint_noncat_accuracy": 1.0,
    "joint_nonmap_goal_accuracy": 1.0,
    "joint_nonmap_noncat_accuracy": 1.0,
    "requested_slots_f1": 1.0,
    "requested_slots_precision": 1.0,
    "requested_slots_recall": 1.0,
    "slot_tagging_f1": 1.0,
    "slot_tagging_precision": 1.0,
    "slot_tagging_recall": 1.0
  },
  "hotel": {
    "active_intent_accuracy": 1.0,
    "average_cat_accuracy": 0.39715826133547655,
    "average_goal_accuracy": 0.3610746178945561,
    "average_noncat_accuracy": 0.16963649322879543,
    "joint_cat_accuracy": 0.6522859856193189,
    "joint_goal_accuracy": 0.6415683082349749,
    "joint_map_cat_accuracy": 0.8222764889431556,
    "joint_map_goal_accuracy": 0.7155067155067155,
    "joint_map_noncat_accuracy": 0.7701804368471035,
    "joint_noncat_accuracy": 0.7701804368471035,
    "joint_nonmap_cat_accuracy": 0.6604259937593271,
    "joint_nonmap_goal_accuracy": 0.6604259937593271,
    "requested_slots_f1": 0.9666259666259667,
    "requested_slots_precision": 1.0,
    "requested_slots_recall": 0.9666259666259667,
    "slot_tagging_f1": 0.9723239723239723,
    "slot_tagging_precision": 0.9753086419753086,
    "slot_tagging_recall": 0.9811423144756478
  },
  "restaurant": {
    "active_intent_accuracy": 1.0,
    "average_cat_accuracy": 0.7436807941962581,
    "average_goal_accuracy": 0.6570758230299419,
    "average_noncat_accuracy": 0.4808587687532333,
    "joint_cat_accuracy": 0.6749864351600651,
    "joint_goal_accuracy": 0.6146228974498101,
    "joint_map_cat_accuracy": 0.7795713510580575,
    "joint_map_goal_accuracy": 0.6418882257189366,
    "joint_map_noncat_accuracy": 0.7021161150298426,
    "joint_noncat_accuracy": 0.7021161150298426,
    "joint_nonmap_cat_accuracy": 0.7689907759088442,
    "joint_nonmap_goal_accuracy": 0.7689907759088442,
    "requested_slots_f1": 0.9670374389582203,
    "requested_slots_precision": 1.0,
    "requested_slots_recall": 0.9670374389582203,
    "slot_tagging_f1": 0.9023331524688009,
    "slot_tagging_precision": 0.9038252848616386,
    "slot_tagging_recall": 0.943163320672816
  },
  "taxi": {
    "active_intent_accuracy": 1.0,
    "average_goal_accuracy": 0.15524402907580476,
    "average_noncat_accuracy": 0.15524402907580476,
    "joint_goal_accuracy": 0.301953336950624,
    "joint_map_goal_accuracy": 0.38836136733586546,
    "joint_map_noncat_accuracy": 0.38836136733586546,
    "joint_noncat_accuracy": 0.301953336950624,
    "joint_nonmap_goal_accuracy": 0.5823385784047749,
    "joint_nonmap_noncat_accuracy": 0.5823385784047749,
    "requested_slots_f1": 0.9928106348345089,
    "requested_slots_precision": 1.0,
    "requested_slots_recall": 0.9928106348345089,
    "slot_tagging_f1": 0.8175529028757461,
    "slot_tagging_precision": 0.8309820944112859,
    "slot_tagging_recall": 0.9654096581660336
  },
  "train": {
    "active_intent_accuracy": 1.0,
    "average_cat_accuracy": 0.6183320811419984,
    "average_goal_accuracy": 0.33338418079096044,
    "average_noncat_accuracy": 0.22595001711742554,
    "joint_cat_accuracy": 0.7847259902333152,
    "joint_goal_accuracy": 0.32786218122626154,
    "joint_map_cat_accuracy": 0.8632664134563213,
    "joint_map_goal_accuracy": 0.3558057514921324,
    "joint_map_noncat_accuracy": 0.3624525230602279,
    "joint_noncat_accuracy": 0.34210526315789475,
    "joint_nonmap_cat_accuracy": 0.8958220293000543,
    "joint_nonmap_goal_accuracy": 0.6620998372219208,
    "joint_nonmap_noncat_accuracy": 0.7023874118285405,
    "requested_slots_f1": 0.9532013022246337,
    "requested_slots_precision": 1.0,
    "requested_slots_recall": 0.9532013022246337,
    "slot_tagging_f1": 0.8160607704829083,
    "slot_tagging_precision": 0.8229788388497016,
    "slot_tagging_recall": 0.8749321758003256
  }
}