{
  "#ALL_SERVICES": {
    "active_intent_accuracy": 1.0,
    "average_cat_accuracy": 0.5631428505756184,
    "average_goal_accuracy": 0.552559787254906,
    "average_noncat_accuracy": 0.6136826686062958,
    "joint_cat_accuracy": 0.12683125339120999,
    "joint_goal_accuracy": 0.04126153011394466,
    "joint_map_cat_accuracy": 0.446825827455236,
    "joint_map_goal_accuracy": 0.12851459576776994,
    "joint_map_noncat_accuracy": 0.2053774823657081,
    "joint_noncat_accuracy": 0.1718453336950624,
    "joint_nonmap_cat_accuracy": 0.20320130222463376,
    "joint_nonmap_goal_accuracy": 0.12600189907759088,
    "joint_nonmap_noncat_accuracy": 0.5534225040694519,
    "requested_slots_f1": 0.9740518962075848,
    "requested_slots_precision": 1.0,
    "requested_slots_recall": 0.9740518962075848,
    "slot_tagging_f1": 0.9256051004786543,
    "slot_tagging_precision": 0.9300815844040076,
    "slot_tagging_recall": 0.9639362052593842
  },
  "#SEEN_SERVICES": {
    "active_intent_accuracy": 1.0,
    "average_cat_accuracy": 0.5631428505756184,
    "average_goal_accuracy": 0.552559787254906,
    "average_noncat_accuracy": 0.6136826686062958,
    "joint_cat_accuracy": 0.12683125339120999,
    "joint_goal_accuracy": 0.04126153011394466,
    "joint_map_cat_accuracy": 0.446825827455236,
    "joint_map_goal_accuracy": 0.12851459576776994,
    "joint_map_noncat_accuracy": 0.2053774823657081,
    "joint_noncat_accuracy": 0.1718453336950624,
    "joint_nonmap_cat_accuracy": 0.20320130222463376,
    "joint_nonmap_goal_accuracy": 0.12600189907759088,
    "joint_nonmap_noncat_accuracy": 0.5534225040694519,
    "requested_slots_f1": 0.9740518962075848,
    "requested_slots_precision": 1.0,
    "requested_slots_recall": 0.9740518962075848,
    "slot_tagging_f1": 0.9256051004786543,
    "slot_tagging_precision": 0.9300815844040076,
    "slot_tagging_recall": 0.9639362052593842
  },
  "attraction": {
    "active_intent_accuracy": 1.0,
    "average_cat_accuracy": 0.45091720376797223,
    "average_goal_accuracy": 0.3985659551176793,
    "average_noncat_accuracy": 0.26082962962962963,
    "joint_cat_accuracy": 0.3229788388497016,
    "joint_goal_accuracy": 0.28968616386326645,
    "joint_map_cat_accuracy": 0.8293543136190993,
    "joint_map_goal_accuracy": 0.7389788252848617,
    "joint_map_noncat_accuracy": 0.8335548833423765,
    "joint_noncat_accuracy": 0.8335548833423765,
    "joint_nonmap_cat_accuracy": 0.39446554530656536,
    "joint_nonmap_goal_accuracy": 0.39446554530656536,
    "requested_slots_f1": 0.9386869234943027,
    "requested_slots_precision": 1.0,
    "requested_slots_recall": 0.9386869234943027,
    "slot_tagging_f1": 0.9709712425393381,
    "slot_tagging_precision": 0.9774823657080847,
    "slot_tagging_recall": 0.9829083016820401
  },
  "bus": {
    "active_intent_accuracy": 1.0,
    "joint_cat_accuracy": 1.0,
    "joint_goal_accuracy": 1.0,
    "joint_nonmap_cat_accuracy": 1.0,
    "joint_nonmap_goal_accuracy": 1.0,
    "requested_slots_f1": 1.0,
    "requested_slots_precision": 1.0,
    "requested_slots_recall": 1.0,
    "slot_tagging_f1": 1.0,
    "slot_tagging_precision": 1.0,
    "slot_tagging_recall": 1.0
  },
  "hospital": {
    "active_intent_accuracy": 1.0,
    "joint_goal_accuracy": 1.0,
    "joint_noncat_accuracy": 1.0,
    "joint_nonmap_goal_accuracy": 1.0,
    "joint_nonmap_noncat_accuracy": 1.0,
    "requested_slots_f1": 1.0,
    "requested_slots_precision": 1.0,
    "requested_slots_recall": 1.0,
    "slot_tagging_f1": 1.0,
    "slot_tagging_precision": 1.0,
    "slot_tagging_recall": 1.0
  },
  "hotel": {
    "active_intent_accuracy": 1.0,
    "average_cat_accuracy": 0.39715826133547655,
    "average_goal_accuracy": 0.4644615134564903,
    "average_noncat_accuracy": 0.7584105488239488,
    "joint_cat_accuracy": 0.6522859856193189,
    "joint_goal_accuracy": 0.6473979107312441,
    "joint_map_cat_accuracy": 0.8222764889431556,
    "joint_map_goal_accuracy": 0.7678252068918736,
    "joint_map_noncat_accuracy": 0.8763637362637362,
    "joint_noncat_accuracy": 0.8763637362637362,
    "joint_nonmap_cat_accuracy": 0.6604259937593271,
    "joint_nonmap_goal_accuracy": 0.6604259937593271,
    "requested_slots_f1": 0.9666259666259667,
    "requested_slots_precision": 1.0,
    "requested_slots_recall": 0.9666259666259667,
    "slot_tagging_f1": 0.9723239723239723,
    "slot_tagging_precision": 0.9753086419753086,
    "slot_tagging_recall": 0.9811423144756478
  },
  "restaurant": {
    "active_intent_accuracy": 1.0,
    "average_cat_accuracy": 0.7436807941962581,
    "average_goal_accuracy": 0.7773006852375987,
    "average_noncat_accuracy": 0.8832695292291776,
    "joint_cat_accuracy": 0.6749864351600651,
    "joint_goal_accuracy": 0.637682576692892,
    "joint_map_cat_accuracy": 0.7795713510580575,
    "joint_map_goal_accuracy": 0.6943715648236571,
    "joint_map_noncat_accuracy": 0.8280550260499187,
    "joint_noncat_accuracy": 0.8280550260499187,
    "joint_nonmap_cat_accuracy": 0.7689907759088442,
    "joint_nonmap_goal_accuracy": 0.7689907759088442,
    "requested_slots_f1": 0.9670374389582203,
    "requested_slots_precision": 1.0,
    "requested_slots_recall": 0.9670374389582203,
    "slot_tagging_f1": 0.9023331524688009,
    "slot_tagging_precision": 0.9038252848616386,
    "slot_tagging_recall": 0.943163320672816
  },
  "taxi": {
    "active_intent_accuracy": 1.0,
    "average_goal_accuracy": 0.28093847352024925,
    "average_noncat_accuracy": 0.28093847352024925,
    "joint_goal_accuracy": 0.30327108517393175,
    "joint_map_goal_accuracy": 0.39521479924036895,
    "joint_map_noncat_accuracy": 0.39521479924036895,
    "joint_noncat_accuracy": 0.30327108517393175,
    "joint_nonmap_goal_accuracy": 0.58583832774688,
    "joint_nonmap_noncat_accuracy": 0.58583832774688,
    "requested_slots_f1": 0.9928106348345089,
    "requested_slots_precision": 1.0,
    "requested_slots_recall": 0.9928106348345089,
    "slot_tagging_f1": 0.8175529028757461,
    "slot_tagging_precision": 0.8309820944112859,
    "slot_tagging_recall": 0.9654096581660336
  },
  "train": {
    "active_intent_accuracy": 1.0,
    "average_cat_accuracy": 0.6183320811419984,
    "average_goal_accuracy": 0.596942372881356,
    "average_noncat_accuracy": 0.6019773479402031,
    "joint_cat_accuracy": 0.7847259902333152,
    "joint_goal_accuracy": 0.3481649378282691,
    "joint_map_cat_accuracy": 0.8632664134563213,
    "joint_map_goal_accuracy": 0.45392452493624524,
    "joint_map_noncat_accuracy": 0.504375229192892,
    "joint_noncat_accuracy": 0.37576627572533916,
    "joint_nonmap_cat_accuracy": 0.8958220293000543,
    "joint_nonmap_goal_accuracy": 0.6700652106578948,
    "joint_nonmap_noncat_accuracy": 0.7124264881456863,
    "requested_slots_f1": 0.9532013022246337,
    "requested_slots_precision": 1.0,
    "requested_slots_recall": 0.9532013022246337,
    "slot_tagging_f1": 0.8160607704829083,
    "slot_tagging_precision": 0.8229788388497016,
    "slot_tagging_recall": 0.8749321758003256
  }
}