{
  "attraction-area_acc": 0.39446554530656536,
  "attraction-area_f1": 0.27391021470396876,
  "attraction-area_precision": 0.16732909379968203,
  "attraction-area_recall": 0.7544802867383512,
  "attraction-name_acc": 0.7981551817688551,
  "attraction-name_f1": 0.09378806333739342,
  "attraction-name_precision": 0.12706270627062707,
  "attraction-name_recall": 0.07432432432432433,
  "attraction-type_acc": 0.8293543136190993,
  "attraction-type_f1": 0.4882017900732303,
  "attraction-type_precision": 0.56657223796034,
  "attraction-type_recall": 0.42887776983559683,
  "hotel-area_acc": 0.7745217745217745,
  "hotel-area_f1": 0.3502736512900703,
  "hotel-area_precision": 0.25310734463276835,
  "hotel-area_recall": 0.5685279187817259,
  "hotel-bookday_acc": 0.9381359381359381,
  "hotel-bookday_f1": 0.7790697674418605,
  "hotel-bookday_precision": 0.7369385884509624,
  "hotel-bookday_recall": 0.8263103802672148,
  "hotel-bookpeople_acc": 0.9009632342965677,
  "hotel-bookpeople_f1": 0.5633971291866029,
  "hotel-bookpeople_precision": 0.7246153846153847,
  "hotel-bookpeople_recall": 0.4608610567514677,
  "hotel-bookstay_acc": 0.9648622981956315,
  "hotel-bookstay_f1": 0.8634686346863468,
  "hotel-bookstay_precision": 0.8206412825651302,
  "hotel-bookstay_recall": 0.9110122358175751,
  "hotel-internet_acc": 0.8477818477818477,
  "hotel-internet_f1": 0.015789473684210527,
  "hotel-internet_precision": 0.020594965675057208,
  "hotel-internet_recall": 0.012802275960170697,
  "hotel-name_acc": 0.7701804368471035,
  "hotel-name_f1": 0.21935483870967742,
  "hotel-name_precision": 0.14066193853427897,
  "hotel-name_recall": 0.497907949790795,
  "hotel-parking_acc": 0.8308234974901642,
  "hotel-parking_f1": 0.028059236165237728,
  "hotel-parking_precision": 0.023746701846965697,
  "hotel-parking_recall": 0.03428571428571429,
  "hotel-pricerange_acc": 0.8545651878985212,
  "hotel-pricerange_f1": 0.5694779116465863,
  "hotel-pricerange_precision": 0.4428482198625859,
  "hotel-pricerange_recall": 0.7975253093363329,
  "hotel-stars_acc": 0.9032695699362366,
  "hotel-stars_f1": 0.7005459890802185,
  "hotel-stars_precision": 0.6587677725118484,
  "hotel-stars_recall": 0.747982062780269,
  "hotel-type_acc": 0.7993487993487993,
  "hotel-type_f1": 0.09872029250457037,
  "hotel-type_precision": 0.13798977853492334,
  "hotel-type_recall": 0.07685009487666034,
  "restaurant-area_acc": 0.7885241454150841,
  "restaurant-area_f1": 0.6081930133199297,
  "restaurant-area_precision": 0.46935608999224204,
  "restaurant-area_recall": 0.8636688079942898,
  "restaurant-bookday_acc": 0.9525230602278894,
  "restaurant-bookday_f1": 0.8700816629547142,
  "restaurant-bookday_precision": 0.7897574123989218,
  "restaurant-bookday_recall": 0.968595041322314,
  "restaurant-bookpeople_acc": 0.9180683667932719,
  "restaurant-bookpeople_f1": 0.7518488085456039,
  "restaurant-bookpeople_precision": 0.8250676284941388,
  "restaurant-bookpeople_recall": 0.690566037735849,
  "restaurant-booktime_acc": 0.9507596310363537,
  "restaurant-booktime_f1": 0.8648044692737431,
  "restaurant-booktime_precision": 0.7755511022044088,
  "restaurant-booktime_recall": 0.9772727272727273,
  "restaurant-food_acc": 0.9148128052088985,
  "restaurant-food_f1": 0.8563586459286366,
  "restaurant-food_precision": 0.763458401305057,
  "restaurant-food_recall": 0.975,
  "restaurant-name_acc": 0.7144601193705914,
  "restaurant-name_f1": 0.22808947561422807,
  "restaurant-name_precision": 0.13428324697754748,
  "restaurant-name_recall": 0.7566909975669099,
  "restaurant-pricerange_acc": 0.8794085729788389,
  "restaurant-pricerange_f1": 0.739982451009067,
  "restaurant-pricerange_precision": 0.7059151785714286,
  "restaurant-pricerange_recall": 0.7775046097111248,
  "taxi-arriveby_acc": 0.967444384156267,
  "taxi-arriveby_f1": 0,
  "taxi-arriveby_precision": 0,
  "taxi-arriveby_recall": 0,
  "taxi-departure_acc": 0.9160336408030385,
  "taxi-departure_f1": 0.060698027314112286,
  "taxi-departure_precision": 0.050505050505050504,
  "taxi-departure_recall": 0.07604562737642585,
  "taxi-destination_acc": 0.38836136733586546,
  "taxi-destination_f1": 0.030947775628626696,
  "taxi-destination_precision": 0.016913319238900635,
  "taxi-destination_recall": 0.18181818181818182,
  "taxi-leaveat_acc": 0.6346988605534455,
  "taxi-leaveat_f1": 0.11210023079459282,
  "taxi-leaveat_precision": 0.0619533527696793,
  "taxi-leaveat_recall": 0.5882352941176471,
  "train-arriveby_acc": 0.7643787303309821,
  "train-arriveby_f1": 0.10968733982573038,
  "train-arriveby_precision": 0.17065390749601275,
  "train-arriveby_recall": 0.08081570996978851,
  "train-bookpeople_acc": 0.8632664134563213,
  "train-bookpeople_f1": 0.21126760563380279,
  "train-bookpeople_precision": 0.9854014598540146,
  "train-bookpeople_recall": 0.11831726555652936,
  "train-day_acc": 0.8958220293000543,
  "train-day_f1": 0.8415841584158416,
  "train-day_precision": 0.8789314950452392,
  "train-day_recall": 0.8072813612979818,
  "train-departure_acc": 0.6848887683125339,
  "train-departure_f1": 0.3157584683357879,
  "train-departure_precision": 0.24826308476146364,
  "train-departure_recall": 0.4336569579288026,
  "train-destination_acc": 0.4095225176342919,
  "train-destination_f1": 0.15884057971014492,
  "train-destination_precision": 0.09430931620009178,
  "train-destination_recall": 0.5030599755201959,
  "train-leaveat_acc": 0.763293543136191,
  "train-leaveat_f1": 0.4332575511529717,
  "train-leaveat_precision": 0.291520979020979,
  "train-leaveat_recall": 0.843236409608091
}