{
  "#ALL_SERVICES": {
    "active_intent_accuracy": 0.18572563610642792,
    "average_cat_accuracy": 0.14572192128162276,
    "average_goal_accuracy": 0.20017775830422663,
    "average_noncat_accuracy": 0.28066248458217696,
    "joint_cat_accuracy": 0.07718393922951709,
    "joint_goal_accuracy": 0.014719451980466631,
    "joint_noncat_accuracy": 0.1451381443298969,
    "requested_slots_f1": 0.9591948788507128,
    "requested_slots_precision": 0.9846036083173458,
    "requested_slots_recall": 0.9741326408671332
  },
  "#SEEN_SERVICES": {
    "active_intent_accuracy": 0.18572563610642792,
    "average_cat_accuracy": 0.14572192128162276,
    "average_goal_accuracy": 0.20017775830422663,
    "average_noncat_accuracy": 0.28066248458217696,
    "joint_cat_accuracy": 0.07718393922951709,
    "joint_goal_accuracy": 0.014719451980466631,
    "joint_noncat_accuracy": 0.1451381443298969,
    "requested_slots_f1": 0.9591948788507128,
    "requested_slots_precision": 0.9846036083173458,
    "requested_slots_recall": 0.9741326408671332
  },
  "attraction": {
    "active_intent_accuracy": 0.21568095496473141,
    "average_cat_accuracy": 0.03222607833415964,
    "average_goal_accuracy": 0.0728407224958949,
    "average_noncat_accuracy": 0.16654074074074074,
    "joint_cat_accuracy": 0.4599837221920781,
    "joint_goal_accuracy": 0.2075366928920239,
    "joint_noncat_accuracy": 0.43135747422680415,
    "requested_slots_f1": 0.9368556701030928,
    "requested_slots_precision": 0.9971513836136734,
    "requested_slots_recall": 0.9387321396274192
  },
  "bus": {
    "active_intent_accuracy": 0.061720021703743896,
    "joint_cat_accuracy": 0.543407487791644,
    "joint_goal_accuracy": 0.543407487791644,
    "requested_slots_f1": 0.9918610960390667,
    "requested_slots_precision": 0.9918610960390667,
    "requested_slots_recall": 1.0
  },
  "hospital": {
    "active_intent_accuracy": 0.051410743353228434,
    "joint_cat_accuracy": 0.6113673358654368,
    "joint_goal_accuracy": 0.6113673358654368,
    "requested_slots_f1": 0.9290558871405318,
    "requested_slots_precision": 0.9290558871405318,
    "requested_slots_recall": 1.0
  },
  "hotel": {
    "active_intent_accuracy": 0.26807760141093473,
    "average_cat_accuracy": 0.29622865179827207,
    "average_goal_accuracy": 0.3296764554353426,
    "average_noncat_accuracy": 0.35600855310049895,
    "joint_cat_accuracy": 0.42070275403608737,
    "joint_goal_accuracy": 0.22133951973951974,
    "joint_noncat_accuracy": 0.4953554198887532,
    "requested_slots_f1": 0.9658119658119658,
    "requested_slots_precision": 0.9990503323836657,
    "requested_slots_recall": 0.9666259666259667
  },
  "restaurant": {
    "active_intent_accuracy": 0.26926207270754204,
    "average_cat_accuracy": 0.19083107497741642,
    "average_goal_accuracy": 0.3154406127414469,
    "average_noncat_accuracy": 0.4886532297830375,
    "joint_cat_accuracy": 0.36584373304395007,
    "joint_goal_accuracy": 0.1537155453065654,
    "joint_noncat_accuracy": 0.32976409780914717,
    "requested_slots_f1": 0.9489735937782601,
    "requested_slots_precision": 0.9794492674986435,
    "requested_slots_recall": 0.9675574244890577
  },
  "taxi": {
    "active_intent_accuracy": 0.1287303309820944,
    "average_goal_accuracy": 0.25750129802699895,
    "average_noncat_accuracy": 0.25750129802699895,
    "joint_goal_accuracy": 0.3294177817578042,
    "joint_noncat_accuracy": 0.3294177817578042,
    "requested_slots_f1": 0.9886055344546935,
    "requested_slots_precision": 0.9956592512208355,
    "requested_slots_recall": 0.9928106348345089
  },
  "train": {
    "active_intent_accuracy": 0.3052088985349973,
    "average_cat_accuracy": 0.06279701289884589,
    "average_goal_accuracy": 0.0668345197740113,
    "average_noncat_accuracy": 0.08482738328756374,
    "joint_cat_accuracy": 0.3383071079761259,
    "joint_goal_accuracy": 0.24701573521432446,
    "joint_noncat_accuracy": 0.44009604980059686,
    "requested_slots_f1": 0.9532013022246337,
    "requested_slots_precision": 1.0,
    "requested_slots_recall": 0.9532013022246337
  }
}