Service,active_intent_accuracy,requested_slots_f1,requested_slots_precision,requested_slots_recall,average_goal_accuracy,average_noncat_accuracy,joint_goal_accuracy,joint_cat_accuracy,joint_noncat_accuracy,average_cat_accuracy
#ALL_SERVICES,0.18572563610642792,0.9575186197184918,0.9828369151664309,0.9740648153531126,0.24272402766901593,0.37082727199256477,0.014378730330982095,0.09766684753119913,0.1631375474769398,0.15136647818691673
#SEEN_SERVICES,0.18572563610642792,0.9575186197184918,0.9828369151664309,0.9740648153531126,0.24272402766901593,0.37082727199256477,0.014378730330982095,0.09766684753119913,0.1631375474769398,0.15136647818691673
attraction,0.21568095496473141,0.9376695604991861,0.9983722192078134,0.9387321396274192,0.0915216201423098,0.1895111111111111,0.2505384563212154,0.4800596852957135,0.5130817959848074,0.03272186415468518
bus,0.061720021703743896,0.9918610960390667,0.9918610960390667,1.0,,,0.543407487791644,0.543407487791644,,
hospital,0.051410743353228434,0.9290558871405318,0.9290558871405318,1.0,,,0.6311720021703744,,0.6311720021703744,
hotel,0.26807760141093473,0.9651336318002984,0.9982363315696648,0.9666259666259667,0.3662599129682785,0.48075552387740556,0.20954249084249085,0.38258038258038257,0.49930641703975037,0.3258345053914674
restaurant,0.26926207270754204,0.9565020799421234,0.9866160245975765,0.9670826550913366,0.2167125229653905,0.47364459389549923,0.15475204829083017,0.37411828540423225,0.35865525413863264,0.1407725595010818
taxi,0.1287303309820944,0.9692078133478025,0.9757189365165491,0.9928106348345089,0.24557502596053998,0.24557502596053998,0.26129862480152516,,0.26129862480152516,
train,0.3052088985349973,0.9532013022246337,1.0,0.9532013022246337,0.2839521468926554,0.3613146182814105,0.1826006100325556,0.3677428106348345,0.3153168650443473,0.09635612321562735
