{
  "#ALL_SERVICES": {
    "active_intent_accuracy": 0.18572563610642792,
    "average_cat_accuracy": 0.15136647818691673,
    "average_goal_accuracy": 0.13787588442378315,
    "average_noncat_accuracy": 0.11511496342991069,
    "joint_cat_accuracy": 0.4295830055074744,
    "joint_goal_accuracy": 0.31560180609654476,
    "joint_map_cat_accuracy": 0.509275273849493,
    "joint_map_goal_accuracy": 0.2382050516834423,
    "joint_map_noncat_accuracy": 0.3760275645025638,
    "joint_noncat_accuracy": 0.40946395062286634,
    "joint_nonmap_cat_accuracy": 0.4888087034374237,
    "joint_nonmap_goal_accuracy": 0.46623258337693546,
    "joint_nonmap_noncat_accuracy": 0.4673991680231507,
    "requested_slots_f1": 0.9575186197184918,
    "requested_slots_precision": 0.9828369151664309,
    "requested_slots_recall": 0.9740648153531126
  },
  "#SEEN_SERVICES": {
    "active_intent_accuracy": 0.18572563610642792,
    "average_cat_accuracy": 0.15136647818691673,
    "average_goal_accuracy": 0.13787588442378315,
    "average_noncat_accuracy": 0.11511496342991069,
    "joint_cat_accuracy": 0.4295830055074744,
    "joint_goal_accuracy": 0.31560180609654476,
    "joint_map_cat_accuracy": 0.509275273849493,
    "joint_map_goal_accuracy": 0.2382050516834423,
    "joint_map_noncat_accuracy": 0.3760275645025638,
    "joint_noncat_accuracy": 0.40946395062286634,
    "joint_nonmap_cat_accuracy": 0.4888087034374237,
    "joint_nonmap_goal_accuracy": 0.46623258337693546,
    "joint_nonmap_noncat_accuracy": 0.4673991680231507,
    "requested_slots_f1": 0.9575186197184918,
    "requested_slots_precision": 0.9828369151664309,
    "requested_slots_recall": 0.9740648153531126
  },
  "attraction": {
    "active_intent_accuracy": 0.21568095496473141,
    "average_cat_accuracy": 0.03272186415468518,
    "average_goal_accuracy": 0.028735632183908046,
    "average_noncat_accuracy": 0.015555555555555555,
    "joint_cat_accuracy": 0.4800596852957135,
    "joint_goal_accuracy": 0.24253933803581118,
    "joint_map_cat_accuracy": 0.5294357026587087,
    "joint_map_goal_accuracy": 0.2615301139446555,
    "joint_map_noncat_accuracy": 0.49348887683125336,
    "joint_noncat_accuracy": 0.49348887683125336,
    "joint_nonmap_cat_accuracy": 0.5717580032555616,
    "joint_nonmap_goal_accuracy": 0.5717580032555616,
    "requested_slots_f1": 0.9376695604991861,
    "requested_slots_precision": 0.9983722192078134,
    "requested_slots_recall": 0.9387321396274192
  },
  "bus": {
    "active_intent_accuracy": 0.061720021703743896,
    "joint_cat_accuracy": 0.543407487791644,
    "joint_goal_accuracy": 0.543407487791644,
    "joint_nonmap_cat_accuracy": 0.543407487791644,
    "joint_nonmap_goal_accuracy": 0.543407487791644,
    "requested_slots_f1": 0.9918610960390667,
    "requested_slots_precision": 0.9918610960390667,
    "requested_slots_recall": 1.0
  },
  "hospital": {
    "active_intent_accuracy": 0.051410743353228434,
    "joint_goal_accuracy": 0.6311720021703744,
    "joint_noncat_accuracy": 0.6311720021703744,
    "joint_nonmap_goal_accuracy": 0.6311720021703744,
    "joint_nonmap_noncat_accuracy": 0.6311720021703744,
    "requested_slots_f1": 0.9290558871405318,
    "requested_slots_precision": 0.9290558871405318,
    "requested_slots_recall": 1.0
  },
  "hotel": {
    "active_intent_accuracy": 0.26807760141093473,
    "average_cat_accuracy": 0.3258345053914674,
    "average_goal_accuracy": 0.28807423149579253,
    "average_noncat_accuracy": 0.05773342836778332,
    "joint_cat_accuracy": 0.38258038258038257,
    "joint_goal_accuracy": 0.19888753222086555,
    "joint_map_cat_accuracy": 0.4677791344458011,
    "joint_map_goal_accuracy": 0.24162257495590828,
    "joint_map_noncat_accuracy": 0.4301994301994302,
    "joint_noncat_accuracy": 0.4301994301994302,
    "joint_nonmap_cat_accuracy": 0.4358974358974359,
    "joint_nonmap_goal_accuracy": 0.4358974358974359,
    "requested_slots_f1": 0.9651336318002984,
    "requested_slots_precision": 0.9982363315696648,
    "requested_slots_recall": 0.9666259666259667
  },
  "restaurant": {
    "active_intent_accuracy": 0.26926207270754204,
    "average_cat_accuracy": 0.1407725595010818,
    "average_goal_accuracy": 0.15913153582600922,
    "average_noncat_accuracy": 0.28892912571132956,
    "joint_cat_accuracy": 0.37411828540423225,
    "joint_goal_accuracy": 0.14948453608247422,
    "joint_map_cat_accuracy": 0.4144058600108519,
    "joint_map_goal_accuracy": 0.1683396635919696,
    "joint_map_noncat_accuracy": 0.32555615843733043,
    "joint_noncat_accuracy": 0.32555615843733043,
    "joint_nonmap_cat_accuracy": 0.4806022788931091,
    "joint_nonmap_goal_accuracy": 0.4806022788931091,
    "requested_slots_f1": 0.9565020799421234,
    "requested_slots_precision": 0.9866160245975765,
    "requested_slots_recall": 0.9670826550913366
  },
  "taxi": {
    "active_intent_accuracy": 0.1287303309820944,
    "average_goal_accuracy": 0.06360332294911733,
    "average_noncat_accuracy": 0.06360332294911733,
    "joint_goal_accuracy": 0.26125881714595767,
    "joint_map_goal_accuracy": 0.29856212696690176,
    "joint_map_noncat_accuracy": 0.29856212696690176,
    "joint_noncat_accuracy": 0.26125881714595767,
    "joint_nonmap_goal_accuracy": 0.33220293000542594,
    "joint_nonmap_noncat_accuracy": 0.33220293000542594,
    "requested_slots_f1": 0.9692078133478025,
    "requested_slots_precision": 0.9757189365165491,
    "requested_slots_recall": 0.9928106348345089
  },
  "train": {
    "active_intent_accuracy": 0.3052088985349973,
    "average_cat_accuracy": 0.09635612321562735,
    "average_goal_accuracy": 0.09166666666666666,
    "average_noncat_accuracy": 0.08498801780212255,
    "joint_cat_accuracy": 0.3677428106348345,
    "joint_goal_accuracy": 0.18244709712425394,
    "joint_map_cat_accuracy": 0.6254747693977211,
    "joint_map_goal_accuracy": 0.22097124253933803,
    "joint_map_noncat_accuracy": 0.3323385784047748,
    "joint_noncat_accuracy": 0.3151112316874661,
    "joint_nonmap_cat_accuracy": 0.41237113402061853,
    "joint_nonmap_goal_accuracy": 0.2685838307107976,
    "joint_nonmap_noncat_accuracy": 0.43882257189365165,
    "requested_slots_f1": 0.9532013022246337,
    "requested_slots_precision": 1.0,
    "requested_slots_recall": 0.9532013022246337
  }
}