{
  "#ALL_SERVICES": {
    "active_intent_accuracy": 0.18572563610642792,
    "average_cat_accuracy": 0.15136647818691673,
    "average_goal_accuracy": 0.24272402766901593,
    "average_noncat_accuracy": 0.37082727199256477,
    "joint_cat_accuracy": 0.09766684753119913,
    "joint_goal_accuracy": 0.014378730330982095,
    "joint_noncat_accuracy": 0.1631375474769398,
    "requested_slots_f1": 0.9575186197184918,
    "requested_slots_precision": 0.9828369151664309,
    "requested_slots_recall": 0.9740648153531126
  },
  "#SEEN_SERVICES": {
    "active_intent_accuracy": 0.18572563610642792,
    "average_cat_accuracy": 0.15136647818691673,
    "average_goal_accuracy": 0.24272402766901593,
    "average_noncat_accuracy": 0.37082727199256477,
    "joint_cat_accuracy": 0.09766684753119913,
    "joint_goal_accuracy": 0.014378730330982095,
    "joint_noncat_accuracy": 0.1631375474769398,
    "requested_slots_f1": 0.9575186197184918,
    "requested_slots_precision": 0.9828369151664309,
    "requested_slots_recall": 0.9740648153531126
  },
  "attraction": {
    "active_intent_accuracy": 0.21568095496473141,
    "average_cat_accuracy": 0.03272186415468518,
    "average_goal_accuracy": 0.0915216201423098,
    "average_noncat_accuracy": 0.1895111111111111,
    "joint_cat_accuracy": 0.4800596852957135,
    "joint_goal_accuracy": 0.2505384563212154,
    "joint_noncat_accuracy": 0.5130817959848074,
    "requested_slots_f1": 0.9376695604991861,
    "requested_slots_precision": 0.9983722192078134,
    "requested_slots_recall": 0.9387321396274192
  },
  "bus": {
    "active_intent_accuracy": 0.061720021703743896,
    "joint_cat_accuracy": 0.543407487791644,
    "joint_goal_accuracy": 0.543407487791644,
    "requested_slots_f1": 0.9918610960390667,
    "requested_slots_precision": 0.9918610960390667,
    "requested_slots_recall": 1.0
  },
  "hospital": {
    "active_intent_accuracy": 0.051410743353228434,
    "joint_goal_accuracy": 0.6311720021703744,
    "joint_noncat_accuracy": 0.6311720021703744,
    "requested_slots_f1": 0.9290558871405318,
    "requested_slots_precision": 0.9290558871405318,
    "requested_slots_recall": 1.0
  },
  "hotel": {
    "active_intent_accuracy": 0.26807760141093473,
    "average_cat_accuracy": 0.3258345053914674,
    "average_goal_accuracy": 0.3662599129682785,
    "average_noncat_accuracy": 0.48075552387740556,
    "joint_cat_accuracy": 0.38258038258038257,
    "joint_goal_accuracy": 0.20954249084249085,
    "joint_noncat_accuracy": 0.49930641703975037,
    "requested_slots_f1": 0.9651336318002984,
    "requested_slots_precision": 0.9982363315696648,
    "requested_slots_recall": 0.9666259666259667
  },
  "restaurant": {
    "active_intent_accuracy": 0.26926207270754204,
    "average_cat_accuracy": 0.1407725595010818,
    "average_goal_accuracy": 0.2167125229653905,
    "average_noncat_accuracy": 0.47364459389549923,
    "joint_cat_accuracy": 0.37411828540423225,
    "joint_goal_accuracy": 0.15475204829083017,
    "joint_noncat_accuracy": 0.35865525413863264,
    "requested_slots_f1": 0.9565020799421234,
    "requested_slots_precision": 0.9866160245975765,
    "requested_slots_recall": 0.9670826550913366
  },
  "taxi": {
    "active_intent_accuracy": 0.1287303309820944,
    "average_goal_accuracy": 0.24557502596053998,
    "average_noncat_accuracy": 0.24557502596053998,
    "joint_goal_accuracy": 0.26129862480152516,
    "joint_noncat_accuracy": 0.26129862480152516,
    "requested_slots_f1": 0.9692078133478025,
    "requested_slots_precision": 0.9757189365165491,
    "requested_slots_recall": 0.9928106348345089
  },
  "train": {
    "active_intent_accuracy": 0.3052088985349973,
    "average_cat_accuracy": 0.09635612321562735,
    "average_goal_accuracy": 0.2839521468926554,
    "average_noncat_accuracy": 0.3613146182814105,
    "joint_cat_accuracy": 0.3677428106348345,
    "joint_goal_accuracy": 0.1826006100325556,
    "joint_noncat_accuracy": 0.3153168650443473,
    "requested_slots_f1": 0.9532013022246337,
    "requested_slots_precision": 1.0,
    "requested_slots_recall": 0.9532013022246337
  }
}