{
  "#ALL_SERVICES": {
    "active_intent_accuracy": 1.0,
    "average_cat_accuracy": 0.5578121298270553,
    "average_goal_accuracy": 0.44633869615597627,
    "average_noncat_accuracy": 0.26946500154178227,
    "joint_cat_accuracy": 0.08871405317417254,
    "joint_goal_accuracy": 0.028350515463917526,
    "joint_noncat_accuracy": 0.10729788388497016,
    "requested_slots_f1": 0.9740518962075848,
    "requested_slots_precision": 1.0,
    "requested_slots_recall": 0.9740518962075848,
    "slot_tagging_f1": 0.9330271495843265,
    "slot_tagging_precision": 0.9372517101718892,
    "slot_tagging_recall": 0.965796562215375
  },
  "#SEEN_SERVICES": {
    "active_intent_accuracy": 1.0,
    "average_cat_accuracy": 0.5578121298270553,
    "average_goal_accuracy": 0.44633869615597627,
    "average_noncat_accuracy": 0.26946500154178227,
    "joint_cat_accuracy": 0.08871405317417254,
    "joint_goal_accuracy": 0.028350515463917526,
    "joint_noncat_accuracy": 0.10729788388497016,
    "requested_slots_f1": 0.9740518962075848,
    "requested_slots_precision": 1.0,
    "requested_slots_recall": 0.9740518962075848,
    "slot_tagging_f1": 0.9330271495843265,
    "slot_tagging_precision": 0.9372517101718892,
    "slot_tagging_recall": 0.965796562215375
  },
  "attraction": {
    "active_intent_accuracy": 1.0,
    "average_cat_accuracy": 0.45091720376797223,
    "average_goal_accuracy": 0.33401751505199784,
    "average_noncat_accuracy": 0.05703703703703704,
    "joint_cat_accuracy": 0.3229788388497016,
    "joint_goal_accuracy": 0.2807921866521975,
    "joint_noncat_accuracy": 0.7981551817688551,
    "requested_slots_f1": 0.9386869234943027,
    "requested_slots_precision": 1.0,
    "requested_slots_recall": 0.9386869234943027,
    "slot_tagging_f1": 0.9709712425393381,
    "slot_tagging_precision": 0.9774823657080847,
    "slot_tagging_recall": 0.9829083016820401
  },
  "bus": {
    "active_intent_accuracy": 1.0,
    "joint_cat_accuracy": 1.0,
    "joint_goal_accuracy": 1.0,
    "requested_slots_f1": 1.0,
    "requested_slots_precision": 1.0,
    "requested_slots_recall": 1.0,
    "slot_tagging_f1": 1.0,
    "slot_tagging_precision": 1.0,
    "slot_tagging_recall": 1.0
  },
  "hospital": {
    "active_intent_accuracy": 1.0,
    "joint_cat_accuracy": 1.0,
    "joint_goal_accuracy": 1.0,
    "requested_slots_f1": 1.0,
    "requested_slots_precision": 1.0,
    "requested_slots_recall": 1.0,
    "slot_tagging_f1": 1.0,
    "slot_tagging_precision": 1.0,
    "slot_tagging_recall": 1.0
  },
  "hotel": {
    "active_intent_accuracy": 1.0,
    "average_cat_accuracy": 0.39715826133547655,
    "average_goal_accuracy": 0.3610746178945561,
    "average_noncat_accuracy": 0.16963649322879543,
    "joint_cat_accuracy": 0.6522859856193189,
    "joint_goal_accuracy": 0.6415683082349749,
    "joint_noncat_accuracy": 0.7701804368471035,
    "requested_slots_f1": 0.9666259666259667,
    "requested_slots_precision": 1.0,
    "requested_slots_recall": 0.9666259666259667,
    "slot_tagging_f1": 0.9723239723239723,
    "slot_tagging_precision": 0.9753086419753086,
    "slot_tagging_recall": 0.9811423144756478
  },
  "restaurant": {
    "active_intent_accuracy": 1.0,
    "average_cat_accuracy": 0.6812491934443154,
    "average_goal_accuracy": 0.5569665822533393,
    "average_noncat_accuracy": 0.4408900394477318,
    "joint_cat_accuracy": 0.6951980466630494,
    "joint_goal_accuracy": 0.6003798155181769,
    "joint_noncat_accuracy": 0.6432447097124254,
    "requested_slots_f1": 0.9670374389582203,
    "requested_slots_precision": 1.0,
    "requested_slots_recall": 0.9670374389582203,
    "slot_tagging_f1": 0.8544492674986435,
    "slot_tagging_precision": 0.8559413998914813,
    "slot_tagging_recall": 0.8913456321215409
  },
  "taxi": {
    "active_intent_accuracy": 1.0,
    "average_goal_accuracy": 0.15524402907580476,
    "average_noncat_accuracy": 0.15524402907580476,
    "joint_goal_accuracy": 0.301953336950624,
    "joint_noncat_accuracy": 0.301953336950624,
    "requested_slots_f1": 0.9928106348345089,
    "requested_slots_precision": 1.0,
    "requested_slots_recall": 0.9928106348345089,
    "slot_tagging_f1": 0.8175529028757461,
    "slot_tagging_precision": 0.8309820944112859,
    "slot_tagging_recall": 0.9654096581660336
  },
  "train": {
    "active_intent_accuracy": 1.0,
    "average_cat_accuracy": 0.6520140303236027,
    "average_goal_accuracy": 0.5693502824858757,
    "average_noncat_accuracy": 0.2838367987446057,
    "joint_cat_accuracy": 0.41427021161150296,
    "joint_goal_accuracy": 0.3463103635377103,
    "joint_noncat_accuracy": 0.7023874118285405,
    "requested_slots_f1": 0.9532013022246337,
    "requested_slots_precision": 1.0,
    "requested_slots_recall": 0.9532013022246337,
    "slot_tagging_f1": 0.9158979924036896,
    "slot_tagging_precision": 0.9210526315789473,
    "slot_tagging_recall": 0.9397721106890938
  }
}