{
  "#ALL_SERVICES": {
    "active_intent_accuracy": 1.0,
    "average_cat_accuracy": 0.5578121298270553,
    "average_goal_accuracy": 0.5510941725743345,
    "average_noncat_accuracy": 0.5741037426765341,
    "joint_cat_accuracy": 0.08871405317417254,
    "joint_goal_accuracy": 0.041332067281606086,
    "joint_map_cat_accuracy": 0.2642430819316332,
    "joint_map_goal_accuracy": 0.12858377645143787,
    "joint_map_noncat_accuracy": 0.24790039338035813,
    "joint_noncat_accuracy": 0.17992429842647856,
    "joint_nonmap_cat_accuracy": 0.20320130222463376,
    "joint_nonmap_goal_accuracy": 0.12600189907759088,
    "joint_nonmap_noncat_accuracy": 0.5534225040694519,
    "requested_slots_f1": 0.9740518962075848,
    "requested_slots_precision": 1.0,
    "requested_slots_recall": 0.9740518962075848,
    "slot_tagging_f1": 0.9330271495843265,
    "slot_tagging_precision": 0.9372517101718892,
    "slot_tagging_recall": 0.965796562215375
  },
  "#SEEN_SERVICES": {
    "active_intent_accuracy": 1.0,
    "average_cat_accuracy": 0.5578121298270553,
    "average_goal_accuracy": 0.5510941725743345,
    "average_noncat_accuracy": 0.5741037426765341,
    "joint_cat_accuracy": 0.08871405317417254,
    "joint_goal_accuracy": 0.041332067281606086,
    "joint_map_cat_accuracy": 0.2642430819316332,
    "joint_map_goal_accuracy": 0.12858377645143787,
    "joint_map_noncat_accuracy": 0.24790039338035813,
    "joint_noncat_accuracy": 0.17992429842647856,
    "joint_nonmap_cat_accuracy": 0.20320130222463376,
    "joint_nonmap_goal_accuracy": 0.12600189907759088,
    "joint_nonmap_noncat_accuracy": 0.5534225040694519,
    "requested_slots_f1": 0.9740518962075848,
    "requested_slots_precision": 1.0,
    "requested_slots_recall": 0.9740518962075848,
    "slot_tagging_f1": 0.9330271495843265,
    "slot_tagging_precision": 0.9372517101718892,
    "slot_tagging_recall": 0.965796562215375
  },
  "attraction": {
    "active_intent_accuracy": 1.0,
    "average_cat_accuracy": 0.45091720376797223,
    "average_goal_accuracy": 0.3985659551176793,
    "average_noncat_accuracy": 0.26082962962962963,
    "joint_cat_accuracy": 0.3229788388497016,
    "joint_goal_accuracy": 0.28968616386326645,
    "joint_map_cat_accuracy": 0.8293543136190993,
    "joint_map_goal_accuracy": 0.7389788252848617,
    "joint_map_noncat_accuracy": 0.8335548833423765,
    "joint_noncat_accuracy": 0.8335548833423765,
    "joint_nonmap_cat_accuracy": 0.39446554530656536,
    "joint_nonmap_goal_accuracy": 0.39446554530656536,
    "requested_slots_f1": 0.9386869234943027,
    "requested_slots_precision": 1.0,
    "requested_slots_recall": 0.9386869234943027,
    "slot_tagging_f1": 0.9709712425393381,
    "slot_tagging_precision": 0.9774823657080847,
    "slot_tagging_recall": 0.9829083016820401
  },
  "bus": {
    "active_intent_accuracy": 1.0,
    "joint_cat_accuracy": 1.0,
    "joint_goal_accuracy": 1.0,
    "joint_nonmap_cat_accuracy": 1.0,
    "joint_nonmap_goal_accuracy": 1.0,
    "requested_slots_f1": 1.0,
    "requested_slots_precision": 1.0,
    "requested_slots_recall": 1.0,
    "slot_tagging_f1": 1.0,
    "slot_tagging_precision": 1.0,
    "slot_tagging_recall": 1.0
  },
  "hospital": {
    "active_intent_accuracy": 1.0,
    "joint_cat_accuracy": 1.0,
    "joint_goal_accuracy": 1.0,
    "joint_nonmap_cat_accuracy": 1.0,
    "joint_nonmap_goal_accuracy": 1.0,
    "requested_slots_f1": 1.0,
    "requested_slots_precision": 1.0,
    "requested_slots_recall": 1.0,
    "slot_tagging_f1": 1.0,
    "slot_tagging_precision": 1.0,
    "slot_tagging_recall": 1.0
  },
  "hotel": {
    "active_intent_accuracy": 1.0,
    "average_cat_accuracy": 0.39715826133547655,
    "average_goal_accuracy": 0.4644615134564903,
    "average_noncat_accuracy": 0.7584105488239488,
    "joint_cat_accuracy": 0.6522859856193189,
    "joint_goal_accuracy": 0.6473979107312441,
    "joint_map_cat_accuracy": 0.8222764889431556,
    "joint_map_goal_accuracy": 0.7678252068918736,
    "joint_map_noncat_accuracy": 0.8763637362637362,
    "joint_noncat_accuracy": 0.8763637362637362,
    "joint_nonmap_cat_accuracy": 0.6604259937593271,
    "joint_nonmap_goal_accuracy": 0.6604259937593271,
    "requested_slots_f1": 0.9666259666259667,
    "requested_slots_precision": 1.0,
    "requested_slots_recall": 0.9666259666259667,
    "slot_tagging_f1": 0.9723239723239723,
    "slot_tagging_precision": 0.9753086419753086,
    "slot_tagging_recall": 0.9811423144756478
  },
  "restaurant": {
    "active_intent_accuracy": 1.0,
    "average_cat_accuracy": 0.6812491934443154,
    "average_goal_accuracy": 0.7822252097919461,
    "average_noncat_accuracy": 0.9073619329388561,
    "joint_cat_accuracy": 0.6951980466630494,
    "joint_goal_accuracy": 0.6380434390762344,
    "joint_map_cat_accuracy": 0.8288117200217038,
    "joint_map_goal_accuracy": 0.6949411298657081,
    "joint_map_noncat_accuracy": 0.7753901504734129,
    "joint_noncat_accuracy": 0.7753901504734129,
    "joint_nonmap_cat_accuracy": 0.7689907759088442,
    "joint_nonmap_goal_accuracy": 0.7689907759088442,
    "requested_slots_f1": 0.9670374389582203,
    "requested_slots_precision": 1.0,
    "requested_slots_recall": 0.9670374389582203,
    "slot_tagging_f1": 0.8544492674986435,
    "slot_tagging_precision": 0.8559413998914813,
    "slot_tagging_recall": 0.8913456321215409
  },
  "taxi": {
    "active_intent_accuracy": 1.0,
    "average_goal_accuracy": 0.28093847352024925,
    "average_noncat_accuracy": 0.28093847352024925,
    "joint_goal_accuracy": 0.30327108517393175,
    "joint_map_goal_accuracy": 0.39521479924036895,
    "joint_map_noncat_accuracy": 0.39521479924036895,
    "joint_noncat_accuracy": 0.30327108517393175,
    "joint_nonmap_goal_accuracy": 0.58583832774688,
    "joint_nonmap_noncat_accuracy": 0.58583832774688,
    "requested_slots_f1": 0.9928106348345089,
    "requested_slots_precision": 1.0,
    "requested_slots_recall": 0.9928106348345089,
    "slot_tagging_f1": 0.8175529028757461,
    "slot_tagging_precision": 0.8309820944112859,
    "slot_tagging_recall": 0.9654096581660336
  },
  "train": {
    "active_intent_accuracy": 1.0,
    "average_cat_accuracy": 0.6520140303236027,
    "average_goal_accuracy": 0.5864297740112995,
    "average_noncat_accuracy": 0.35888976069046685,
    "joint_cat_accuracy": 0.41427021161150296,
    "joint_goal_accuracy": 0.3479166778309821,
    "joint_map_cat_accuracy": 0.45116657623440043,
    "joint_map_goal_accuracy": 0.45116657623440043,
    "joint_noncat_accuracy": 0.7124264881456863,
    "joint_nonmap_cat_accuracy": 0.8958220293000543,
    "joint_nonmap_goal_accuracy": 0.6700652106578948,
    "joint_nonmap_noncat_accuracy": 0.7124264881456863,
    "requested_slots_f1": 0.9532013022246337,
    "requested_slots_precision": 1.0,
    "requested_slots_recall": 0.9532013022246337,
    "slot_tagging_f1": 0.9158979924036896,
    "slot_tagging_precision": 0.9210526315789473,
    "slot_tagging_recall": 0.9397721106890938
  }
}