Service,active_intent_accuracy,requested_slots_f1,requested_slots_precision,requested_slots_recall,slot_tagging_f1,slot_tagging_precision,slot_tagging_recall,average_goal_accuracy,average_cat_accuracy,joint_goal_accuracy,joint_cat_accuracy,joint_noncat_accuracy,average_noncat_accuracy
#ALL_SERVICES,1.0,0.9740518962075848,1.0,0.9740518962075848,0.9330271495843265,0.9372517101718892,0.965796562215375,0.44633869615597627,0.5578121298270553,0.5958568300292618,0.6807894915330877,0.6431807699612035,0.26946500154178227
#SEEN_SERVICES,1.0,0.9740518962075848,1.0,0.9740518962075848,0.9330271495843265,0.9372517101718892,0.965796562215375,0.44633869615597627,0.5578121298270553,0.5958568300292618,0.6807894915330877,0.6431807699612035,0.26946500154178227
attraction,1.0,0.9386869234943027,1.0,0.9386869234943027,0.9709712425393381,0.9774823657080847,0.9829083016820401,0.33401751505199784,0.45091720376797223,0.2807921866521975,0.3229788388497016,0.7981551817688551,0.05703703703703704
bus,1.0,1.0,1.0,1.0,1.0,1.0,1.0,,,1.0,1.0,,
hospital,1.0,1.0,1.0,1.0,1.0,1.0,1.0,,,1.0,1.0,,
hotel,1.0,0.9666259666259667,1.0,0.9666259666259667,0.9723239723239723,0.9753086419753086,0.9811423144756478,0.3610746178945561,0.39715826133547655,0.6415683082349749,0.6522859856193189,0.7701804368471035,0.16963649322879543
restaurant,1.0,0.9670374389582203,1.0,0.9670374389582203,0.8544492674986435,0.8559413998914813,0.8913456321215409,0.5569665822533393,0.6812491934443154,0.6003798155181769,0.6951980466630494,0.6432447097124254,0.4408900394477318
taxi,1.0,0.9928106348345089,1.0,0.9928106348345089,0.8175529028757461,0.8309820944112859,0.9654096581660336,0.15524402907580476,,0.301953336950624,,0.301953336950624,0.15524402907580476
train,1.0,0.9532013022246337,1.0,0.9532013022246337,0.9158979924036896,0.9210526315789473,0.9397721106890938,0.5693502824858757,0.6520140303236027,0.3463103635377103,0.41427021161150296,0.7023874118285405,0.2838367987446057
