domain,active_intent_accuracy,requested_slots_f1,requested_slots_precision,requested_slots_recall,slot_tagging_f1,slot_tagging_precision,slot_tagging_recall,average_goal_accuracy,average_cat_accuracy,joint_goal_accuracy,joint_cat_accuracy,joint_noncat_accuracy,average_noncat_accuracy
#ALL_SERVICES,1.0,0.9740518962075848,1.0,0.9740518962075848,0.9330271495843265,0.9372517101718892,0.965796562215375,0.5510941725743345,0.5578121298270553,0.041332067281606086,0.08871405317417254,0.17992429842647856,0.5741037426765341
#SEEN_SERVICES,1.0,0.9740518962075848,1.0,0.9740518962075848,0.9330271495843265,0.9372517101718892,0.965796562215375,0.5510941725743345,0.5578121298270553,0.041332067281606086,0.08871405317417254,0.17992429842647856,0.5741037426765341
attraction,1.0,0.9386869234943027,1.0,0.9386869234943027,0.9709712425393381,0.9774823657080847,0.9829083016820401,0.3985659551176793,0.45091720376797223,0.28968616386326645,0.3229788388497016,0.8335548833423765,0.26082962962962963
bus,1.0,1.0,1.0,1.0,1.0,1.0,1.0,,,1.0,1.0,,
hospital,1.0,1.0,1.0,1.0,1.0,1.0,1.0,,,1.0,1.0,,
hotel,1.0,0.9666259666259667,1.0,0.9666259666259667,0.9723239723239723,0.9753086419753086,0.9811423144756478,0.4644615134564903,0.39715826133547655,0.6473979107312441,0.6522859856193189,0.8763637362637362,0.7584105488239488
restaurant,1.0,0.9670374389582203,1.0,0.9670374389582203,0.8544492674986435,0.8559413998914813,0.8913456321215409,0.7822252097919461,0.6812491934443154,0.6380434390762344,0.6951980466630494,0.7753901504734129,0.9073619329388561
taxi,1.0,0.9928106348345089,1.0,0.9928106348345089,0.8175529028757461,0.8309820944112859,0.9654096581660336,0.28093847352024925,,0.30327108517393175,,0.30327108517393175,0.28093847352024925
train,1.0,0.9532013022246337,1.0,0.9532013022246337,0.9158979924036896,0.9210526315789473,0.9397721106890938,0.5864297740112995,0.6520140303236027,0.3479166778309821,0.41427021161150296,0.7124264881456863,0.35888976069046685
