domain,active_intent_accuracy,requested_slots_f1,requested_slots_precision,requested_slots_recall,slot_tagging_f1,slot_tagging_precision,slot_tagging_recall,average_goal_accuracy,average_noncat_accuracy,joint_goal_accuracy,joint_cat_accuracy,joint_noncat_accuracy,average_cat_accuracy
#ALL_SERVICES,1.0,0.9740518962075848,1.0,0.9740518962075848,0.9334147239501579,0.9395190202120032,0.9639362052593842,0.5873073399405297,0.6201239544187175,0.04491182854042322,0.11774281063483451,0.24679286489419425,0.6301925514378969
#SEEN_SERVICES,1.0,0.9740518962075848,1.0,0.9740518962075848,0.9334147239501579,0.9395190202120032,0.9639362052593842,0.5873073399405297,0.6201239544187175,0.04491182854042322,0.11774281063483451,0.24679286489419425,0.6301925514378969
attraction,1.0,0.9386869234943027,1.0,0.9386869234943027,0.9829083016820401,1.0,0.9829083016820401,0.32594417077175697,0.0,0.2863537710255019,0.3228431904503527,0.8168746608790016,0.47174020823004464
bus,1.0,1.0,1.0,1.0,1.0,1.0,1.0,,,1.0,1.0,,
hospital,1.0,1.0,1.0,1.0,1.0,1.0,1.0,,,1.0,,1.0,
hotel,1.0,0.9666259666259667,1.0,0.9666259666259667,0.9712386379053046,0.9742233075566409,0.9811423144756478,0.4779297106915924,0.7849322879543834,0.49967153710487044,0.5037308370641704,0.8752911409578077,0.40958576116803963
restaurant,1.0,0.9670374389582203,1.0,0.9670374389582203,0.8591969614758546,0.8602821486706457,0.943163320672816,0.8182913335650562,0.8987946197620279,0.4629897884563212,0.5309278350515464,0.7208343923290831,0.7960990199821815
taxi,1.0,0.9928106348345089,1.0,0.9928106348345089,0.8894465545306566,0.9017905588714054,0.9654096581660336,0.38321261682242985,0.38321261682242985,0.5795325576436468,,0.5795325576436468,
train,1.0,0.9532013022246337,1.0,0.9532013022246337,0.8311177428106349,0.8403418339663592,0.8749321758003256,0.7182354237288135,0.6952242382745635,0.3250393522354857,0.6068909386869235,0.5539799196812263,0.7834335086401202
