{
  "#ALL_SERVICES": {
    "active_intent_accuracy": 1.0,
    "average_cat_accuracy": 0.6301925514378969,
    "average_goal_accuracy": 0.4427644708511323,
    "average_noncat_accuracy": 0.2472723966541399,
    "joint_cat_accuracy": 0.11774281063483451,
    "joint_goal_accuracy": 0.03757460661964189,
    "joint_noncat_accuracy": 0.15979381443298968,
    "requested_slots_f1": 0.9740518962075848,
    "requested_slots_precision": 1.0,
    "requested_slots_recall": 0.9740518962075848,
    "slot_tagging_f1": 0.9334147239501579,
    "slot_tagging_precision": 0.9395190202120032,
    "slot_tagging_recall": 0.9639362052593842
  },
  "#SEEN_SERVICES": {
    "active_intent_accuracy": 1.0,
    "average_cat_accuracy": 0.6301925514378969,
    "average_goal_accuracy": 0.4427644708511323,
    "average_noncat_accuracy": 0.2472723966541399,
    "joint_cat_accuracy": 0.11774281063483451,
    "joint_goal_accuracy": 0.03757460661964189,
    "joint_noncat_accuracy": 0.15979381443298968,
    "requested_slots_f1": 0.9740518962075848,
    "requested_slots_precision": 1.0,
    "requested_slots_recall": 0.9740518962075848,
    "slot_tagging_f1": 0.9334147239501579,
    "slot_tagging_precision": 0.9395190202120032,
    "slot_tagging_recall": 0.9639362052593842
  },
  "attraction": {
    "active_intent_accuracy": 1.0,
    "average_cat_accuracy": 0.47174020823004464,
    "average_goal_accuracy": 0.32594417077175697,
    "average_noncat_accuracy": 0.0,
    "joint_cat_accuracy": 0.3228431904503527,
    "joint_goal_accuracy": 0.2863537710255019,
    "joint_noncat_accuracy": 0.8168746608790016,
    "requested_slots_f1": 0.9386869234943027,
    "requested_slots_precision": 1.0,
    "requested_slots_recall": 0.9386869234943027,
    "slot_tagging_f1": 0.9829083016820401,
    "slot_tagging_precision": 1.0,
    "slot_tagging_recall": 0.9829083016820401
  },
  "bus": {
    "active_intent_accuracy": 1.0,
    "joint_cat_accuracy": 1.0,
    "joint_goal_accuracy": 1.0,
    "requested_slots_f1": 1.0,
    "requested_slots_precision": 1.0,
    "requested_slots_recall": 1.0,
    "slot_tagging_f1": 1.0,
    "slot_tagging_precision": 1.0,
    "slot_tagging_recall": 1.0
  },
  "hospital": {
    "active_intent_accuracy": 1.0,
    "joint_goal_accuracy": 1.0,
    "joint_noncat_accuracy": 1.0,
    "requested_slots_f1": 1.0,
    "requested_slots_precision": 1.0,
    "requested_slots_recall": 1.0,
    "slot_tagging_f1": 1.0,
    "slot_tagging_precision": 1.0,
    "slot_tagging_recall": 1.0
  },
  "hotel": {
    "active_intent_accuracy": 1.0,
    "average_cat_accuracy": 0.40958576116803963,
    "average_goal_accuracy": 0.37184502342925835,
    "average_noncat_accuracy": 0.17034925160370634,
    "joint_cat_accuracy": 0.5037308370641704,
    "joint_goal_accuracy": 0.49477682811016144,
    "joint_noncat_accuracy": 0.7651607651607651,
    "requested_slots_f1": 0.9666259666259667,
    "requested_slots_precision": 1.0,
    "requested_slots_recall": 0.9666259666259667,
    "slot_tagging_f1": 0.9712386379053046,
    "slot_tagging_precision": 0.9742233075566409,
    "slot_tagging_recall": 0.9811423144756478
  },
  "restaurant": {
    "active_intent_accuracy": 1.0,
    "average_cat_accuracy": 0.7960990199821815,
    "average_goal_accuracy": 0.6913765993015211,
    "average_noncat_accuracy": 0.47490946714950855,
    "joint_cat_accuracy": 0.5309278350515464,
    "joint_goal_accuracy": 0.43556701030927836,
    "joint_noncat_accuracy": 0.5884427563754747,
    "requested_slots_f1": 0.9670374389582203,
    "requested_slots_precision": 1.0,
    "requested_slots_recall": 0.9670374389582203,
    "slot_tagging_f1": 0.8591969614758546,
    "slot_tagging_precision": 0.8602821486706457,
    "slot_tagging_recall": 0.943163320672816
  },
  "taxi": {
    "active_intent_accuracy": 1.0,
    "average_goal_accuracy": 0.16731568016614745,
    "average_noncat_accuracy": 0.16731568016614745,
    "joint_goal_accuracy": 0.5778621812262615,
    "joint_noncat_accuracy": 0.5778621812262615,
    "requested_slots_f1": 0.9928106348345089,
    "requested_slots_precision": 1.0,
    "requested_slots_recall": 0.9928106348345089,
    "slot_tagging_f1": 0.8894465545306566,
    "slot_tagging_precision": 0.9017905588714054,
    "slot_tagging_recall": 0.9654096581660336
  },
  "train": {
    "active_intent_accuracy": 1.0,
    "average_cat_accuracy": 0.7834335086401202,
    "average_goal_accuracy": 0.4189322033898305,
    "average_noncat_accuracy": 0.26543421202784434,
    "joint_cat_accuracy": 0.6068909386869235,
    "joint_goal_accuracy": 0.2856755290287575,
    "joint_noncat_accuracy": 0.5002712967986978,
    "requested_slots_f1": 0.9532013022246337,
    "requested_slots_precision": 1.0,
    "requested_slots_recall": 0.9532013022246337,
    "slot_tagging_f1": 0.8311177428106349,
    "slot_tagging_precision": 0.8403418339663592,
    "slot_tagging_recall": 0.8749321758003256
  }
}