domain,active_intent_accuracy,requested_slots_f1,requested_slots_precision,requested_slots_recall,slot_tagging_f1,slot_tagging_precision,slot_tagging_recall,average_goal_accuracy,average_noncat_accuracy,joint_goal_accuracy,joint_cat_accuracy,joint_noncat_accuracy,average_cat_accuracy
#ALL_SERVICES,1.0,0.9740518962075848,1.0,0.9740518962075848,0.9334147239501579,0.9395190202120032,0.9639362052593842,0.4427644708511323,0.2472723966541399,0.03757460661964189,0.11774281063483451,0.15979381443298968,0.6301925514378969
#SEEN_SERVICES,1.0,0.9740518962075848,1.0,0.9740518962075848,0.9334147239501579,0.9395190202120032,0.9639362052593842,0.4427644708511323,0.2472723966541399,0.03757460661964189,0.11774281063483451,0.15979381443298968,0.6301925514378969
attraction,1.0,0.9386869234943027,1.0,0.9386869234943027,0.9829083016820401,1.0,0.9829083016820401,0.32594417077175697,0.0,0.2863537710255019,0.3228431904503527,0.8168746608790016,0.47174020823004464
bus,1.0,1.0,1.0,1.0,1.0,1.0,1.0,,,1.0,1.0,,
hospital,1.0,1.0,1.0,1.0,1.0,1.0,1.0,,,1.0,,1.0,
hotel,1.0,0.9666259666259667,1.0,0.9666259666259667,0.9712386379053046,0.9742233075566409,0.9811423144756478,0.37184502342925835,0.17034925160370634,0.49477682811016144,0.5037308370641704,0.7651607651607651,0.40958576116803963
restaurant,1.0,0.9670374389582203,1.0,0.9670374389582203,0.8591969614758546,0.8602821486706457,0.943163320672816,0.6913765993015211,0.47490946714950855,0.43556701030927836,0.5309278350515464,0.5884427563754747,0.7960990199821815
taxi,1.0,0.9928106348345089,1.0,0.9928106348345089,0.8894465545306566,0.9017905588714054,0.9654096581660336,0.16731568016614745,0.16731568016614745,0.5778621812262615,,0.5778621812262615,
train,1.0,0.9532013022246337,1.0,0.9532013022246337,0.8311177428106349,0.8403418339663592,0.8749321758003256,0.4189322033898305,0.26543421202784434,0.2856755290287575,0.6068909386869235,0.5002712967986978,0.7834335086401202
