{
  "#ALL_SERVICES": {
    "active_intent_accuracy": 1.0,
    "average_cat_accuracy": 0.6301925514378969,
    "average_goal_accuracy": 0.5873073399405297,
    "average_noncat_accuracy": 0.6201239544187175,
    "joint_cat_accuracy": 0.11774281063483451,
    "joint_goal_accuracy": 0.04491182854042322,
    "joint_map_cat_accuracy": 0.36909929462832336,
    "joint_map_goal_accuracy": 0.2051886055344547,
    "joint_map_noncat_accuracy": 0.4206965240097667,
    "joint_noncat_accuracy": 0.24679286489419425,
    "joint_nonmap_cat_accuracy": 0.20320130222463376,
    "joint_nonmap_goal_accuracy": 0.12600189907759088,
    "joint_nonmap_noncat_accuracy": 0.5534225040694519,
    "requested_slots_f1": 0.9740518962075848,
    "requested_slots_precision": 1.0,
    "requested_slots_recall": 0.9740518962075848,
    "slot_tagging_f1": 0.9334147239501579,
    "slot_tagging_precision": 0.9395190202120032,
    "slot_tagging_recall": 0.9639362052593842
  },
  "#SEEN_SERVICES": {
    "active_intent_accuracy": 1.0,
    "average_cat_accuracy": 0.6301925514378969,
    "average_goal_accuracy": 0.5873073399405297,
    "average_noncat_accuracy": 0.6201239544187175,
    "joint_cat_accuracy": 0.11774281063483451,
    "joint_goal_accuracy": 0.04491182854042322,
    "joint_map_cat_accuracy": 0.36909929462832336,
    "joint_map_goal_accuracy": 0.2051886055344547,
    "joint_map_noncat_accuracy": 0.4206965240097667,
    "joint_noncat_accuracy": 0.24679286489419425,
    "joint_nonmap_cat_accuracy": 0.20320130222463376,
    "joint_nonmap_goal_accuracy": 0.12600189907759088,
    "joint_nonmap_noncat_accuracy": 0.5534225040694519,
    "requested_slots_f1": 0.9740518962075848,
    "requested_slots_precision": 1.0,
    "requested_slots_recall": 0.9740518962075848,
    "slot_tagging_f1": 0.9334147239501579,
    "slot_tagging_precision": 0.9395190202120032,
    "slot_tagging_recall": 0.9639362052593842
  },
  "attraction": {
    "active_intent_accuracy": 1.0,
    "average_cat_accuracy": 0.47174020823004464,
    "average_goal_accuracy": 0.32594417077175697,
    "average_noncat_accuracy": 0.0,
    "joint_cat_accuracy": 0.3228431904503527,
    "joint_goal_accuracy": 0.2863537710255019,
    "joint_map_cat_accuracy": 0.8270482908301682,
    "joint_map_goal_accuracy": 0.7311448724905046,
    "joint_map_noncat_accuracy": 0.8168746608790016,
    "joint_noncat_accuracy": 0.8168746608790016,
    "joint_nonmap_cat_accuracy": 0.39446554530656536,
    "joint_nonmap_goal_accuracy": 0.39446554530656536,
    "requested_slots_f1": 0.9386869234943027,
    "requested_slots_precision": 1.0,
    "requested_slots_recall": 0.9386869234943027,
    "slot_tagging_f1": 0.9829083016820401,
    "slot_tagging_precision": 1.0,
    "slot_tagging_recall": 0.9829083016820401
  },
  "bus": {
    "active_intent_accuracy": 1.0,
    "joint_cat_accuracy": 1.0,
    "joint_goal_accuracy": 1.0,
    "joint_nonmap_cat_accuracy": 1.0,
    "joint_nonmap_goal_accuracy": 1.0,
    "requested_slots_f1": 1.0,
    "requested_slots_precision": 1.0,
    "requested_slots_recall": 1.0,
    "slot_tagging_f1": 1.0,
    "slot_tagging_precision": 1.0,
    "slot_tagging_recall": 1.0
  },
  "hospital": {
    "active_intent_accuracy": 1.0,
    "joint_goal_accuracy": 1.0,
    "joint_noncat_accuracy": 1.0,
    "joint_nonmap_goal_accuracy": 1.0,
    "joint_nonmap_noncat_accuracy": 1.0,
    "requested_slots_f1": 1.0,
    "requested_slots_precision": 1.0,
    "requested_slots_recall": 1.0,
    "slot_tagging_f1": 1.0,
    "slot_tagging_precision": 1.0,
    "slot_tagging_recall": 1.0
  },
  "hotel": {
    "active_intent_accuracy": 1.0,
    "average_cat_accuracy": 0.40958576116803963,
    "average_goal_accuracy": 0.4779297106915924,
    "average_noncat_accuracy": 0.7849322879543834,
    "joint_cat_accuracy": 0.5037308370641704,
    "joint_goal_accuracy": 0.49967153710487044,
    "joint_map_cat_accuracy": 0.6819970153303486,
    "joint_map_goal_accuracy": 0.6240622981956315,
    "joint_map_noncat_accuracy": 0.8752911409578077,
    "joint_noncat_accuracy": 0.8752911409578077,
    "joint_nonmap_cat_accuracy": 0.6604259937593271,
    "joint_nonmap_goal_accuracy": 0.6604259937593271,
    "requested_slots_f1": 0.9666259666259667,
    "requested_slots_precision": 1.0,
    "requested_slots_recall": 0.9666259666259667,
    "slot_tagging_f1": 0.9712386379053046,
    "slot_tagging_precision": 0.9742233075566409,
    "slot_tagging_recall": 0.9811423144756478
  },
  "restaurant": {
    "active_intent_accuracy": 1.0,
    "average_cat_accuracy": 0.7960990199821815,
    "average_goal_accuracy": 0.8182913335650562,
    "average_noncat_accuracy": 0.8987946197620279,
    "joint_cat_accuracy": 0.5309278350515464,
    "joint_goal_accuracy": 0.4629897884563212,
    "joint_map_cat_accuracy": 0.6322571893651655,
    "joint_map_goal_accuracy": 0.5220233659427563,
    "joint_map_noncat_accuracy": 0.7208343923290831,
    "joint_noncat_accuracy": 0.7208343923290831,
    "joint_nonmap_cat_accuracy": 0.7689907759088442,
    "joint_nonmap_goal_accuracy": 0.7689907759088442,
    "requested_slots_f1": 0.9670374389582203,
    "requested_slots_precision": 1.0,
    "requested_slots_recall": 0.9670374389582203,
    "slot_tagging_f1": 0.8591969614758546,
    "slot_tagging_precision": 0.8602821486706457,
    "slot_tagging_recall": 0.943163320672816
  },
  "taxi": {
    "active_intent_accuracy": 1.0,
    "average_goal_accuracy": 0.38321261682242985,
    "average_noncat_accuracy": 0.38321261682242985,
    "joint_goal_accuracy": 0.5795325576436468,
    "joint_map_goal_accuracy": 0.9473048969072164,
    "joint_map_noncat_accuracy": 0.9473048969072164,
    "joint_noncat_accuracy": 0.5795325576436468,
    "joint_nonmap_goal_accuracy": 0.58583832774688,
    "joint_nonmap_noncat_accuracy": 0.58583832774688,
    "requested_slots_f1": 0.9928106348345089,
    "requested_slots_precision": 1.0,
    "requested_slots_recall": 0.9928106348345089,
    "slot_tagging_f1": 0.8894465545306566,
    "slot_tagging_precision": 0.9017905588714054,
    "slot_tagging_recall": 0.9654096581660336
  },
  "train": {
    "active_intent_accuracy": 1.0,
    "average_cat_accuracy": 0.7834335086401202,
    "average_goal_accuracy": 0.7182354237288135,
    "average_noncat_accuracy": 0.6952242382745635,
    "joint_cat_accuracy": 0.6068909386869235,
    "joint_goal_accuracy": 0.3250393522354857,
    "joint_map_cat_accuracy": 0.6752577319587629,
    "joint_map_goal_accuracy": 0.49720233463781877,
    "joint_map_noncat_accuracy": 0.7605257331416171,
    "joint_noncat_accuracy": 0.5539799196812263,
    "joint_nonmap_cat_accuracy": 0.8958220293000543,
    "joint_nonmap_goal_accuracy": 0.6700652106578948,
    "joint_nonmap_noncat_accuracy": 0.7124264881456863,
    "requested_slots_f1": 0.9532013022246337,
    "requested_slots_precision": 1.0,
    "requested_slots_recall": 0.9532013022246337,
    "slot_tagging_f1": 0.8311177428106349,
    "slot_tagging_precision": 0.8403418339663592,
    "slot_tagging_recall": 0.8749321758003256
  }
}