{
  "attraction-area_acc": 0.5549376017362995,
  "attraction-area_f1": 0.058536585365853655,
  "attraction-area_precision": 0.04619565217391304,
  "attraction-area_recall": 0.07987470634299139,
  "attraction-name_acc": 0.4342105263157895,
  "attraction-name_f1": 0.009969143128412057,
  "attraction-name_precision": 0.005902192242833052,
  "attraction-name_recall": 0.03206106870229008,
  "attraction-type_acc": 0.5925122083559414,
  "attraction-type_f1": 0.009234828496042215,
  "attraction-type_precision": 0.008679479231246125,
  "attraction-type_recall": 0.009866102889358703,
  "hotel-area_acc": 0.5899348887683126,
  "hotel-area_f1": 0.06263565891472868,
  "hotel-area_precision": 0.038520213577421816,
  "hotel-area_recall": 0.16749585406301823,
  "hotel-bookday_acc": 0.6334780249593055,
  "hotel-bookday_f1": 0.04724964739069111,
  "hotel-bookday_precision": 0.029711751662971176,
  "hotel-bookday_recall": 0.1153184165232358,
  "hotel-bookpeople_acc": 0.6493488876831254,
  "hotel-bookpeople_f1": 0.318481413129449,
  "hotel-bookpeople_precision": 0.19848833388103845,
  "hotel-bookpeople_recall": 0.8053333333333333,
  "hotel-bookstay_acc": 0.6009224091155725,
  "hotel-bookstay_f1": 0.08291770573566085,
  "hotel-bookstay_precision": 0.05155038759689923,
  "hotel-bookstay_recall": 0.21178343949044587,
  "hotel-internet_acc": 0.7339934888768312,
  "hotel-internet_f1": 0.3474209650582363,
  "hotel-internet_precision": 0.26403641881638845,
  "hotel-internet_recall": 0.5077821011673151,
  "hotel-name_acc": 0.4331253391209984,
  "hotel-name_f1": 0.037318590186592955,
  "hotel-name_precision": 0.02208890100899918,
  "hotel-name_recall": 0.1201780415430267,
  "hotel-parking_acc": 0.7255832881172002,
  "hotel-parking_f1": 0.2992726013162452,
  "hotel-parking_precision": 0.2261780104712042,
  "hotel-parking_recall": 0.4421699078812692,
  "hotel-pricerange_acc": 0.6435160065111232,
  "hotel-pricerange_f1": 0.28819068255687974,
  "hotel-pricerange_precision": 0.19703703703703704,
  "hotel-pricerange_recall": 0.5362903225806451,
  "hotel-stars_acc": 0.7601736299511666,
  "hotel-stars_f1": 0.4422712933753943,
  "hotel-stars_precision": 0.30949227373068433,
  "hotel-stars_recall": 0.7745856353591161,
  "hotel-type_acc": 0.606348345089528,
  "hotel-type_f1": 0.21736785329018338,
  "hotel-type_precision": 0.1392055267702936,
  "hotel-type_recall": 0.4956949569495695,
  "restaurant-area_acc": 0.5569723277265328,
  "restaurant-area_f1": 0.11777417612101565,
  "restaurant-area_precision": 0.09532138172278093,
  "restaurant-area_recall": 0.15406360424028268,
  "restaurant-bookday_acc": 0.6819045035268584,
  "restaurant-bookday_f1": 0.036960985626283374,
  "restaurant-bookday_precision": 0.033682634730538924,
  "restaurant-bookday_recall": 0.04094631483166515,
  "restaurant-bookpeople_acc": 0.6725447639717851,
  "restaurant-bookpeople_f1": 0.3971028971028971,
  "restaurant-bookpeople_precision": 0.270224337185588,
  "restaurant-bookpeople_recall": 0.748587570621469,
  "restaurant-booktime_acc": 0.49701573521432446,
  "restaurant-booktime_f1": 0.33213256484149856,
  "restaurant-booktime_precision": 0.20060922541340295,
  "restaurant-booktime_recall": 0.9644351464435147,
  "restaurant-food_acc": 0.5849158979924037,
  "restaurant-food_f1": 0.17073170731707316,
  "restaurant-food_precision": 0.12295081967213115,
  "restaurant-food_recall": 0.27925531914893614,
  "restaurant-name_acc": 0.5214324470971242,
  "restaurant-name_f1": 0.016174010039040714,
  "restaurant-name_precision": 0.012769704975781594,
  "restaurant-name_recall": 0.022053231939163497,
  "restaurant-pricerange_acc": 0.6672544763971785,
  "restaurant-pricerange_f1": 0.1449982572324852,
  "restaurant-pricerange_precision": 0.2155440414507772,
  "restaurant-pricerange_recall": 0.1092436974789916,
  "taxi-arriveby_acc": 0.3791372761801411,
  "taxi-arriveby_f1": 0.08221375576498897,
  "taxi-arriveby_precision": 0.042904981163666804,
  "taxi-arriveby_recall": 0.9808612440191388,
  "taxi-departure_acc": 0.3336950623982637,
  "taxi-departure_f1": 0.0020316944331572532,
  "taxi-departure_precision": 0.001024380249948781,
  "taxi-departure_recall": 0.12195121951219512,
  "taxi-destination_acc": 0.47192078133478027,
  "taxi-destination_f1": 0.016670876483960595,
  "taxi-destination_precision": 0.008989376191773358,
  "taxi-destination_recall": 0.11458333333333333,
  "taxi-leaveat_acc": 0.4097938144329897,
  "taxi-leaveat_f1": 0.11366877164391935,
  "taxi-leaveat_precision": 0.06037654187405324,
  "taxi-leaveat_recall": 0.96875,
  "train-arriveby_acc": 0.5318773738469886,
  "train-arriveby_f1": 0.23088923556942278,
  "train-arriveby_precision": 0.13521273818846255,
  "train-arriveby_recall": 0.7896341463414634,
  "train-bookpeople_acc": 0.6686109603906674,
  "train-bookpeople_f1": 0.22073365231259967,
  "train-bookpeople_precision": 0.15418894830659535,
  "train-bookpeople_recall": 0.388327721661055,
  "train-day_acc": 0.41928920238741185,
  "train-day_f1": 0.03166704365528161,
  "train-day_precision": 0.029573299535276723,
  "train-day_recall": 0.034079844206426485,
  "train-departure_acc": 0.43787303309820946,
  "train-departure_f1": 0.04251386321626618,
  "train-departure_precision": 0.03605015673981191,
  "train-departure_recall": 0.0518018018018018,
  "train-destination_acc": 0.41223548562126966,
  "train-destination_f1": 0.04790156009668205,
  "train-destination_precision": 0.04414742810854597,
  "train-destination_recall": 0.05235350624399616,
  "train-leaveat_acc": 0.509631036353771,
  "train-leaveat_f1": 0.09692730452160879,
  "train-leaveat_precision": 0.0522911051212938,
  "train-leaveat_recall": 0.6621160409556314
}